date,temperature_2m_mean,temperature_2m_max,temperature_2m_min,precipitation_sum,rain_sum,precipitation_hours,et0_fao_evapotranspiration,weather_code,soil_moisture_0_to_100cm_mean,soil_moisture_0_to_7cm_mean,soil_moisture_28_to_100cm_mean,soil_moisture_7_to_28cm_mean,relative_humidity_2m_mean,District
2025-11-07,23.3,28.1,19.6,0.5,0.5,4.0,3.6,51,0.36,0.308,0.359,0.382,80.41666666666667,Kolhapur
2025-11-08,23.1,28.5,18.6,0.0,0.0,0.0,4.31,3,0.35,0.285,0.352,0.366,67.95833333333333,Kolhapur
2025-11-09,21.9,27.6,16.5,0.0,0.0,0.0,4.31,0,0.343,0.258,0.349,0.352,60.958333333333336,Kolhapur
2025-11-10,21.0,27.5,14.8,0.0,0.0,0.0,4.08,2,0.337,0.239,0.345,0.343,62.75,Kolhapur
2025-11-11,21.3,27.9,15.3,0.0,0.0,0.0,4.16,1,0.331,0.228,0.338,0.338,65.75,Kolhapur
2025-11-12,22.5,28.4,17.2,0.0,0.0,0.0,4.38,0,0.328,0.214,0.338,0.332,61.75,Kolhapur
2025-11-13,22.8,29.0,17.3,0.0,0.0,0.0,4.29,0,0.331,0.21,0.342,0.333,58.833333333333336,Kolhapur
2025-11-14,21.9,28.2,16.5,0.0,0.0,0.0,4.38,0,0.336,0.206,0.349,0.335,56.041666666666664,Kolhapur
2025-11-15,21.3,27.5,14.5,0.0,0.0,0.0,4.59,0,0.334,0.202,0.347,0.331,52.625,Kolhapur
2025-11-16,21.4,28.0,15.5,0.0,0.0,0.0,4.75,3,0.328,0.199,0.342,0.323,53.208333333333336,Kolhapur
2025-11-17,20.9,27.3,15.3,0.0,0.0,0.0,4.72,0,0.326,0.2,0.34,0.322,48.583333333333336,Kolhapur
2025-11-18,21.0,27.9,14.4,0.0,0.0,0.0,4.61,0,0.325,0.199,0.339,0.321,51.75,Kolhapur
2025-11-19,22.2,29.0,15.3,0.0,0.0,0.0,4.45,0,0.319,0.2,0.332,0.316,60.875,Kolhapur
2025-11-20,22.3,28.8,16.3,0.0,0.0,0.0,4.39,3,0.321,0.203,0.332,0.319,56.416666666666664,Kolhapur
2025-11-21,23.2,29.6,17.0,0.0,0.0,0.0,4.44,3,0.322,0.204,0.335,0.318,54.583333333333336,Kolhapur
2025-11-22,24.6,30.8,18.8,0.0,0.0,0.0,4.28,3,0.319,0.197,0.333,0.312,63.666666666666664,Kolhapur
2025-11-23,24.9,30.3,20.4,0.0,0.0,0.0,4.23,3,0.314,0.196,0.328,0.306,62.083333333333336,Kolhapur
2025-11-24,24.9,29.8,20.3,0.8,0.8,6.0,3.93,51,0.311,0.202,0.324,0.302,65.25,Kolhapur
2025-11-25,24.9,29.8,21.2,0.0,0.0,0.0,4.25,3,0.311,0.205,0.324,0.302,63.958333333333336,Kolhapur
2025-11-26,23.5,29.1,18.2,0.0,0.0,0.0,4.37,3,0.314,0.203,0.327,0.308,61.25,Kolhapur
2025-11-27,23.0,28.5,18.4,0.0,0.0,0.0,4.57,1,0.311,0.201,0.322,0.31,62.416666666666664,Kolhapur
2025-11-28,23.0,28.9,18.0,0.0,0.0,0.0,4.67,3,0.311,0.199,0.323,0.306,57.0,Kolhapur
2025-11-29,22.0,28.0,17.4,0.0,0.0,0.0,5.12,3,0.31,0.197,0.323,0.304,46.833333333333336,Kolhapur
2025-11-30,21.7,28.2,15.1,0.0,0.0,0.0,4.52,3,0.311,0.199,0.324,0.307,52.375,Kolhapur
2025-12-01,22.3,28.8,16.0,0.0,0.0,0.0,3.94,3,0.305,0.192,0.318,0.296,56.583333333333336,Kolhapur
2025-12-02,22.5,28.7,16.7,0.0,0.0,0.0,3.87,3,0.307,0.189,0.321,0.297,56.916666666666664,Kolhapur
2025-12-03,23.6,29.2,18.3,0.0,0.0,0.0,4.4,3,0.313,0.19,0.327,0.303,58.333333333333336,Kolhapur
2025-12-04,23.7,28.0,19.6,0.5,0.5,3.0,3.63,51,0.317,0.194,0.331,0.308,64.70833333333333,Kolhapur
2025-12-05,24.0,28.6,20.0,0.2,0.2,2.0,3.58,51,0.318,0.194,0.333,0.308,71.125,Kolhapur
2025-12-06,23.0,27.3,19.7,0.0,0.0,0.0,3.83,3,0.321,0.205,0.335,0.313,55.625,Kolhapur
2025-12-07,22.5,27.9,17.4,0.0,0.0,0.0,4.33,3,0.324,0.215,0.336,0.32,55.375,Kolhapur
2025-12-08,22.4,28.4,16.3,0.0,0.0,0.0,4.16,3,0.322,0.206,0.335,0.317,56.666666666666664,Kolhapur
2025-12-09,21.6,27.9,16.1,0.0,0.0,0.0,5.32,0,0.321,0.201,0.335,0.316,38.708333333333336,Kolhapur
2025-12-10,21.6,28.1,16.0,0.0,0.0,0.0,5.39,3,0.321,0.2,0.335,0.314,39.0,Kolhapur
2025-12-11,20.9,28.1,15.0,0.0,0.0,0.0,4.95,2,0.32,0.199,0.334,0.312,38.625,Kolhapur
2025-12-12,20.1,27.8,13.1,0.0,0.0,0.0,4.49,0,0.319,0.199,0.334,0.31,38.708333333333336,Kolhapur
2025-12-13,20.5,28.1,14.0,0.0,0.0,0.0,4.33,0,0.318,0.199,0.333,0.308,41.166666666666664,Kolhapur
2025-12-14,20.8,27.9,14.5,0.0,0.0,0.0,4.42,3,0.318,0.199,0.333,0.306,46.458333333333336,Kolhapur
2025-12-15,21.0,27.4,14.4,0.0,0.0,0.0,4.66,1,0.317,0.199,0.332,0.304,48.791666666666664,Kolhapur
2025-12-16,21.6,28.2,15.3,0.0,0.0,0.0,4.8,3,0.317,0.199,0.332,0.303,54.0,Kolhapur
2025-12-17,23.5,29.4,18.9,0.0,0.0,0.0,4.78,0,0.316,0.199,0.332,0.302,56.666666666666664,Kolhapur
2025-12-18,22.4,29.7,16.7,0.0,0.0,0.0,5.3,3,0.315,0.199,0.331,0.301,39.541666666666664,Kolhapur
2025-12-19,21.4,29.0,15.4,0.0,0.0,0.0,5.25,3,0.315,0.199,0.331,0.299,36.25,Kolhapur
2025-12-20,21.0,28.8,14.3,0.0,0.0,0.0,5.07,3,0.314,0.199,0.33,0.298,37.291666666666664,Kolhapur
2025-12-21,21.0,27.8,14.8,0.0,0.0,0.0,4.98,3,0.314,0.199,0.33,0.297,42.416666666666664,Kolhapur
2025-12-22,21.3,28.1,14.6,0.0,0.0,0.0,4.88,3,0.313,0.199,0.33,0.296,47.75,Kolhapur
2025-12-23,21.4,28.4,15.1,0.0,0.0,0.0,4.55,3,0.313,0.199,0.329,0.295,47.791666666666664,Kolhapur
2025-12-24,21.2,27.4,15.9,0.0,0.0,0.0,4.88,3,0.313,0.198,0.329,0.294,43.791666666666664,Kolhapur
2025-12-25,20.9,27.4,14.2,0.0,0.0,0.0,4.59,1,0.312,0.198,0.329,0.293,47.625,Kolhapur
2025-12-26,21.0,27.6,13.6,0.0,0.0,0.0,4.5,0,0.311,0.198,0.328,0.293,50.25,Kolhapur
2025-12-27,21.5,27.7,15.6,0.0,0.0,0.0,4.52,0,0.311,0.198,0.328,0.292,51.416666666666664,Kolhapur
2025-12-28,21.3,28.0,14.8,0.0,0.0,0.0,4.66,0,0.31,0.198,0.327,0.291,49.416666666666664,Kolhapur
2025-12-29,20.9,27.6,14.7,0.0,0.0,0.0,4.37,3,0.312,0.198,0.329,0.291,48.625,Kolhapur
2025-12-30,21.0,28.5,14.3,0.0,0.0,0.0,4.09,3,0.314,0.198,0.333,0.29,49.0,Kolhapur
2025-12-31,21.0,29.2,13.3,0.0,0.0,0.0,4.4,2,0.312,0.198,0.329,0.289,56.375,Kolhapur
2026-01-01,21.6,28.5,15.0,0.0,0.0,0.0,3.85,3,0.313,0.198,0.331,0.289,56.833333333333336,Kolhapur
2026-01-02,22.3,29.5,16.0,0.0,0.0,0.0,3.63,3,0.313,0.198,0.331,0.288,68.45833333333333,Kolhapur
2026-01-03,23.6,29.5,17.8,0.0,0.0,0.0,4.0,3,0.316,0.198,0.336,0.288,57.916666666666664,Kolhapur
2026-01-04,23.7,29.3,18.6,0.0,0.0,0.0,4.4,3,0.312,0.198,0.331,0.287,49.291666666666664,Kolhapur
2026-01-05,22.6,28.1,17.5,0.0,0.0,0.0,4.94,1,0.313,0.198,0.332,0.287,47.541666666666664,Kolhapur
2026-01-06,21.8,27.9,16.2,0.0,0.0,0.0,5.05,0,0.329,0.198,0.354,0.287,46.458333333333336,Kolhapur
2026-01-07,21.7,28.3,15.9,0.0,0.0,0.0,5.47,3,0.336,0.198,0.365,0.286,40.083333333333336,Kolhapur
2026-01-08,21.3,27.9,15.8,0.0,0.0,0.0,5.18,3,0.34,0.198,0.37,0.286,41.083333333333336,Kolhapur
2026-01-09,21.1,27.6,15.2,0.0,0.0,0.0,5.18,3,0.351,0.198,0.385,0.286,38.375,Kolhapur
2026-01-10,21.4,27.9,15.6,0.0,0.0,0.0,4.95,2,0.362,0.198,0.4,0.287,38.083333333333336,Kolhapur
2026-01-11,22.0,28.3,15.8,0.0,0.0,0.0,4.68,3,0.362,0.198,0.4,0.288,47.208333333333336,Kolhapur
2026-01-12,24.1,29.6,19.0,0.0,0.0,0.0,4.1,3,0.362,0.208,0.398,0.288,56.541666666666664,Kolhapur
2026-01-13,24.3,30.0,19.5,0.0,0.0,0.0,4.03,3,0.361,0.203,0.397,0.289,62.125,Kolhapur
2026-01-14,24.1,29.5,19.4,0.0,0.0,0.0,3.85,1,0.36,0.204,0.396,0.289,64.125,Kolhapur
2026-01-15,24.4,30.4,19.3,0.0,0.0,0.0,4.26,2,0.36,0.216,0.395,0.29,56.875,Kolhapur
2026-01-16,23.8,29.8,18.3,0.0,0.0,0.0,4.37,3,0.36,0.224,0.394,0.29,52.625,Kolhapur
2026-01-17,23.2,29.4,18.0,0.0,0.0,0.0,3.95,3,0.359,0.216,0.392,0.291,53.541666666666664,Kolhapur
2026-01-18,22.5,30.3,16.0,0.0,0.0,0.0,4.54,2,0.357,0.205,0.391,0.291,55.958333333333336,Kolhapur
2026-01-19,21.3,28.9,15.4,0.0,0.0,0.0,4.3,0,0.356,0.201,0.39,0.291,64.0,Kolhapur
2026-01-20,21.3,29.6,14.5,0.0,0.0,0.0,4.23,0,0.355,0.199,0.389,0.291,61.75,Kolhapur
2026-01-21,22.2,28.6,16.3,0.0,0.0,0.0,4.99,0,0.354,0.199,0.388,0.291,46.583333333333336,Kolhapur
2026-01-22,21.9,27.9,16.4,0.0,0.0,0.0,4.93,0,0.353,0.198,0.387,0.291,43.083333333333336,Kolhapur
2026-01-23,21.3,27.7,15.3,0.0,0.0,0.0,4.6,0,0.353,0.198,0.385,0.291,44.166666666666664,Kolhapur
2026-01-24,21.9,28.2,15.4,0.0,0.0,0.0,4.61,0,0.352,0.198,0.384,0.291,47.583333333333336,Kolhapur
2026-01-25,23.2,30.4,16.9,0.0,0.0,0.0,4.25,2,0.351,0.198,0.384,0.291,51.875,Kolhapur
2026-01-26,24.5,30.8,19.8,0.0,0.0,0.0,4.3,3,0.35,0.198,0.382,0.291,55.75,Kolhapur
2026-01-27,24.0,29.2,19.7,0.9,0.9,5.0,3.89,51,0.35,0.202,0.382,0.292,68.25,Kolhapur
2026-01-28,24.2,30.2,18.9,0.0,0.0,0.0,4.17,1,0.349,0.2,0.381,0.292,59.208333333333336,Kolhapur
2026-01-29,25.0,30.6,19.9,0.0,0.0,0.0,4.45,3,0.348,0.199,0.38,0.291,53.625,Kolhapur
2026-01-30,23.9,30.1,18.5,0.0,0.0,0.0,4.58,3,0.348,0.198,0.379,0.291,54.125,Kolhapur
2026-01-31,23.4,29.5,17.4,0.0,0.0,0.0,5.11,0,0.347,0.198,0.378,0.291,47.916666666666664,Kolhapur
2026-02-01,23.2,29.2,17.4,0.0,0.0,0.0,5.2,0,0.346,0.198,0.377,0.291,46.458333333333336,Kolhapur
2026-02-02,23.3,29.4,17.6,0.0,0.0,0.0,5.03,0,0.345,0.198,0.376,0.291,48.291666666666664,Kolhapur
2026-02-03,23.8,29.5,18.2,0.1,0.1,1.0,4.73,51,0.345,0.198,0.375,0.291,50.0,Kolhapur
2026-02-04,24.1,29.9,18.7,0.0,0.0,0.0,5.4,0,0.344,0.198,0.374,0.291,47.666666666666664,Kolhapur
2026-02-05,24.2,29.9,18.7,0.0,0.0,0.0,5.55,0,0.343,0.198,0.373,0.29,44.083333333333336,Kolhapur
2026-02-06,23.9,29.9,18.2,0.0,0.0,0.0,5.39,1,0.343,0.198,0.372,0.29,45.166666666666664,Kolhapur
2026-02-07,23.8,30.0,17.6,0.0,0.0,0.0,5.24,0,0.342,0.198,0.371,0.29,44.916666666666664,Kolhapur
2026-02-08,24.0,30.8,16.8,0.0,0.0,0.0,5.2,3,0.341,0.198,0.37,0.29,40.583333333333336,Kolhapur
2026-02-09,23.9,31.6,17.0,0.0,0.0,0.0,4.86,3,0.34,0.198,0.369,0.29,43.25,Kolhapur
2026-02-10,24.1,31.6,17.1,0.0,0.0,0.0,5.15,2,0.339,0.198,0.368,0.289,51.375,Kolhapur
2026-02-11,23.7,30.8,16.8,0.0,0.0,0.0,5.43,0,0.339,0.198,0.367,0.289,45.833333333333336,Kolhapur
2026-02-12,23.8,30.4,18.2,0.0,0.0,0.0,5.86,3,0.338,0.198,0.366,0.289,35.625,Kolhapur
2026-02-13,24.0,31.2,17.0,0.0,0.0,0.0,5.86,3,0.337,0.198,0.365,0.288,32.041666666666664,Kolhapur
2026-02-14,24.3,31.3,17.2,0.0,0.0,0.0,5.5,3,0.337,0.198,0.364,0.288,32.041666666666664,Kolhapur
2026-02-15,24.8,31.6,17.6,0.0,0.0,0.0,5.02,3,0.336,0.198,0.363,0.288,37.375,Kolhapur
2026-02-16,24.9,31.8,17.7,0.0,0.0,0.0,5.55,1,0.335,0.198,0.362,0.288,40.083333333333336,Kolhapur
2026-02-17,24.9,32.2,18.3,0.0,0.0,0.0,5.15,1,0.334,0.198,0.361,0.287,47.166666666666664,Kolhapur
2026-02-18,24.7,32.6,19.4,0.0,0.0,0.0,5.36,3,0.334,0.198,0.36,0.287,51.083333333333336,Kolhapur
2026-02-19,25.3,33.9,18.8,0.0,0.0,0.0,5.11,2,0.333,0.198,0.36,0.287,57.291666666666664,Kolhapur
2026-02-20,26.2,33.5,20.6,0.0,0.0,0.0,5.19,3,0.332,0.198,0.358,0.286,47.208333333333336,Kolhapur
2026-02-21,26.8,33.1,21.4,0.0,0.0,0.0,5.47,3,0.331,0.198,0.358,0.286,43.541666666666664,Kolhapur
2026-02-22,27.4,33.5,22.4,0.0,0.0,0.0,5.1,3,0.331,0.198,0.357,0.286,47.166666666666664,Kolhapur
2026-02-23,26.6,32.1,21.5,0.0,0.0,0.0,5.09,3,0.33,0.198,0.356,0.286,52.375,Kolhapur
2026-02-24,26.0,32.0,20.7,0.0,0.0,0.0,5.25,3,0.33,0.21,0.355,0.285,48.416666666666664,Kolhapur
2026-02-25,26.1,32.9,20.8,0.0,0.0,0.0,5.27,3,0.328,0.198,0.354,0.285,44.833333333333336,Kolhapur
2026-02-26,25.1,32.2,18.7,0.0,0.0,0.0,5.82,0,0.328,0.198,0.353,0.285,40.916666666666664,Kolhapur
2026-02-27,25.2,32.8,19.0,0.0,0.0,0.0,6.37,0,0.327,0.198,0.352,0.285,37.625,Kolhapur
2026-02-28,24.6,32.5,18.9,0.0,0.0,0.0,5.95,2,0.326,0.198,0.351,0.284,40.541666666666664,Kolhapur
2026-03-01,25.0,33.1,18.0,0.0,0.0,0.0,5.4,3,0.325,0.198,0.35,0.284,51.958333333333336,Kolhapur
2026-03-02,26.5,34.2,19.1,0.0,0.0,0.0,5.48,3,0.325,0.198,0.349,0.284,51.791666666666664,Kolhapur
2026-03-03,27.8,34.9,21.1,0.0,0.0,0.0,6.21,3,0.324,0.197,0.348,0.283,45.875,Kolhapur
2026-03-04,28.1,35.1,22.2,0.0,0.0,0.0,6.44,1,0.323,0.197,0.347,0.283,41.708333333333336,Kolhapur
2026-03-05,27.7,35.6,20.9,0.0,0.0,0.0,6.32,0,0.322,0.197,0.346,0.283,38.166666666666664,Kolhapur
2026-03-06,27.8,35.7,20.1,0.0,0.0,0.0,6.24,0,0.321,0.197,0.345,0.283,30.125,Kolhapur
2026-03-07,27.7,35.9,19.6,0.0,0.0,0.0,6.44,0,0.321,0.197,0.344,0.283,32.75,Kolhapur
2026-03-08,28.1,36.2,21.0,0.0,0.0,0.0,6.49,0,0.32,0.196,0.343,0.282,34.333333333333336,Kolhapur
2026-03-09,28.5,37.3,20.7,0.0,0.0,0.0,6.92,0,0.319,0.196,0.342,0.282,34.5,Kolhapur
2026-03-10,29.3,35.5,23.6,0.0,0.0,0.0,7.83,0,0.318,0.195,0.341,0.282,32.375,Kolhapur
2026-03-11,28.7,35.2,22.3,0.0,0.0,0.0,6.63,0,0.317,0.194,0.34,0.282,35.333333333333336,Kolhapur
2026-03-12,28.3,36.2,21.1,0.0,0.0,0.0,6.14,0,0.317,0.195,0.339,0.281,49.916666666666664,Kolhapur
2026-03-13,28.7,36.8,22.3,0.0,0.0,0.0,5.91,2,0.316,0.195,0.338,0.281,44.583333333333336,Kolhapur
2026-03-14,27.9,37.1,20.9,0.0,0.0,0.0,5.57,3,0.315,0.195,0.337,0.281,57.791666666666664,Kolhapur
2026-03-15,27.2,35.4,22.0,0.0,0.0,0.0,5.89,2,0.315,0.2,0.336,0.281,55.375,Kolhapur
2026-03-16,26.6,34.4,20.1,0.0,0.0,0.0,5.78,2,0.314,0.195,0.335,0.281,56.875,Kolhapur
2026-03-17,26.8,34.3,20.7,0.0,0.0,0.0,5.5,3,0.313,0.194,0.334,0.281,48.208333333333336,Kolhapur
2026-03-18,26.2,34.1,20.2,0.0,0.0,0.0,5.47,3,0.313,0.201,0.333,0.281,53.375,Kolhapur
2026-03-19,25.6,32.7,19.9,0.5,0.5,2.0,5.41,51,0.313,0.214,0.333,0.28,56.958333333333336,Kolhapur
2026-03-20,25.4,33.1,19.0,0.0,0.0,0.0,5.92,0,0.312,0.207,0.332,0.28,53.625,Kolhapur
2026-03-21,26.3,34.0,19.2,0.0,0.0,0.0,6.02,0,0.311,0.197,0.331,0.28,50.416666666666664,Kolhapur
2026-03-22,27.4,35.3,20.2,0.0,0.0,0.0,5.93,3,0.31,0.188,0.33,0.28,40.458333333333336,Kolhapur
2026-03-23,28.2,35.9,21.9,0.0,0.0,0.0,6.29,1,0.309,0.184,0.33,0.28,42.166666666666664,Kolhapur
2026-03-24,28.2,36.2,21.9,0.0,0.0,0.0,5.94,2,0.309,0.188,0.329,0.28,49.375,Kolhapur
2026-03-25,27.9,35.1,22.4,1.5,1.5,2.0,5.17,61,0.309,0.199,0.328,0.28,56.083333333333336,Kolhapur
2026-03-26,28.5,35.5,22.1,0.1,0.1,1.0,5.68,51,0.309,0.213,0.327,0.28,51.25,Kolhapur
2026-03-27,28.6,36.7,23.2,0.5,0.5,3.0,5.66,51,0.308,0.21,0.326,0.279,48.208333333333336,Kolhapur
2026-03-28,28.2,35.6,22.3,0.0,0.0,0.0,6.28,3,0.307,0.206,0.325,0.279,52.916666666666664,Kolhapur
2026-03-29,27.7,35.7,21.2,0.0,0.0,0.0,6.64,3,0.306,0.199,0.324,0.279,44.875,Kolhapur
2026-03-30,28.0,35.8,22.7,0.0,0.0,0.0,5.44,3,0.305,0.197,0.323,0.279,58.791666666666664,Kolhapur
2026-03-31,28.4,34.7,22.7,0.0,0.0,0.0,5.19,3,0.305,0.208,0.323,0.279,56.125,Kolhapur
2026-04-01,27.9,34.8,22.9,0.4,0.4,1.0,5.12,51,0.305,0.207,0.322,0.279,63.375,Kolhapur
2026-04-02,26.8,34.7,22.7,7.7,7.7,2.0,5.22,63,0.308,0.231,0.321,0.289,63.5,Kolhapur
2026-04-03,26.2,33.2,20.9,0.5,0.5,2.0,5.45,51,0.314,0.217,0.321,0.322,66.0,Kolhapur
2026-04-04,26.5,33.9,21.0,0.0,0.0,0.0,6.14,3,0.317,0.216,0.321,0.337,58.666666666666664,Kolhapur
2026-04-05,26.1,33.4,20.6,0.0,0.0,0.0,6.61,3,0.317,0.206,0.321,0.341,53.458333333333336,Kolhapur
2026-04-06,24.8,31.6,19.3,0.0,0.0,0.0,6.47,0,0.314,0.194,0.32,0.333,58.208333333333336,Kolhapur
2026-04-07,25.4,34.3,18.8,0.0,0.0,0.0,6.31,1,0.311,0.183,0.32,0.322,60.208333333333336,Kolhapur
2026-04-08,27.1,35.3,20.4,0.0,0.0,0.0,6.65,0,0.308,0.172,0.319,0.314,57.0,Kolhapur
2026-04-09,27.5,35.0,21.3,0.0,0.0,0.0,6.78,0,0.307,0.17,0.319,0.312,55.458333333333336,Kolhapur
2026-04-10,28.9,36.5,20.8,0.0,0.0,0.0,6.35,2,0.306,0.177,0.318,0.309,50.458333333333336,Kolhapur
2026-04-11,29.7,38.5,23.2,0.0,0.0,0.0,6.79,0,0.304,0.177,0.317,0.303,49.0,Kolhapur
2026-04-12,29.9,39.3,23.0,0.0,0.0,0.0,6.84,3,0.301,0.17,0.316,0.293,49.416666666666664,Kolhapur
2026-04-13,28.7,37.4,22.7,0.0,0.0,0.0,6.26,1,0.3,0.168,0.315,0.293,62.458333333333336,Kolhapur
2026-04-14,29.7,39.3,22.1,0.0,0.0,0.0,6.63,0,0.299,0.169,0.314,0.291,54.958333333333336,Kolhapur
2026-04-15,29.9,39.3,23.1,0.0,0.0,0.0,6.85,0,0.298,0.169,0.313,0.29,49.5,Kolhapur
2026-04-16,29.0,38.8,21.7,0.0,0.0,0.0,6.36,3,0.297,0.169,0.313,0.288,55.583333333333336,Kolhapur
2026-04-17,29.7,39.5,21.7,0.0,0.0,0.0,6.37,3,0.296,0.169,0.312,0.287,50.416666666666664,Kolhapur
2026-04-18,30.6,38.4,24.7,0.3,0.3,1.0,6.22,51,0.296,0.174,0.311,0.285,49.666666666666664,Kolhapur
2026-04-19,30.1,38.4,24.9,0.2,0.2,1.0,6.0,51,0.296,0.192,0.31,0.284,54.666666666666664,Kolhapur
2026-04-20,30.1,38.1,24.4,0.3,0.3,1.0,6.32,51,0.297,0.203,0.309,0.284,50.625,Kolhapur
2026-04-21,29.3,37.3,23.8,0.2,0.2,1.0,6.0,51,0.296,0.201,0.31,0.282,53.666666666666664,Kolhapur
2026-04-22,29.7,37.7,23.3,0.0,0.0,0.0,6.2,2,0.296,0.199,0.309,0.281,52.916666666666664,Kolhapur
2026-04-23,30.0,38.8,24.0,1.6,1.6,1.0,6.33,61,0.297,0.198,0.311,0.281,49.291666666666664,Kolhapur
2026-04-24,30.5,38.7,23.4,0.1,0.1,1.0,6.38,51,0.297,0.194,0.311,0.281,42.75,Kolhapur
2026-04-25,31.2,38.6,24.1,0.0,0.0,0.0,6.28,3,0.297,0.199,0.311,0.281,42.791666666666664,Kolhapur
2026-04-26,30.3,39.4,24.8,0.0,0.0,0.0,5.86,3,0.296,0.198,0.31,0.281,58.208333333333336,Kolhapur
2026-04-27,29.0,37.8,24.0,0.5,0.5,2.0,6.13,51,0.295,0.205,0.308,0.28,66.54166666666667,Kolhapur
2026-04-28,29.0,38.5,23.0,0.1,0.1,1.0,6.15,51,0.293,0.212,0.305,0.278,65.375,Kolhapur
2026-04-29,29.6,38.7,23.1,0.0,0.0,0.0,6.54,3,0.291,0.203,0.304,0.277,60.458333333333336,Kolhapur
2026-04-30,29.1,37.1,22.9,0.0,0.0,0.0,7.38,1,0.289,0.185,0.303,0.277,53.166666666666664,Kolhapur
2026-05-01,27.9,35.1,21.8,0.0,0.0,0.0,7.15,0,0.288,0.177,0.303,0.277,58.208333333333336,Kolhapur
2026-05-02,28.3,36.7,22.2,0.0,0.0,0.0,7.27,1,0.288,0.177,0.302,0.277,55.666666666666664,Kolhapur
2026-05-03,28.4,37.2,22.2,0.0,0.0,0.0,7.0,3,0.286,0.158,0.302,0.277,63.708333333333336,Kolhapur
2026-05-04,28.3,36.5,22.2,0.0,0.0,0.0,7.2,3,0.285,0.146,0.301,0.276,61.291666666666664,Kolhapur
2026-05-05,28.2,36.6,22.0,0.0,0.0,0.0,6.49,3,0.285,0.146,0.301,0.276,63.125,Kolhapur
2026-05-06,28.9,37.6,22.6,0.0,0.0,0.0,6.63,1,0.284,0.15,0.3,0.276,56.75,Kolhapur
2026-05-07,29.6,37.3,24.3,0.0,0.0,0.0,6.08,3,0.285,0.162,0.299,0.276,53.125,Kolhapur
2026-05-08,30.6,37.5,24.8,0.3,0.3,2.0,6.39,51,0.285,0.17,0.299,0.276,49.25,Kolhapur
2026-05-09,31.4,37.6,25.8,0.0,0.0,0.0,6.88,3,0.287,0.189,0.299,0.277,41.958333333333336,Kolhapur
2026-05-10,31.4,39.3,25.4,0.0,0.0,0.0,6.86,3,0.288,0.209,0.299,0.277,44.0,Kolhapur
2026-05-11,30.1,39.9,24.9,0.0,0.0,0.0,6.37,3,0.288,0.212,0.298,0.277,59.583333333333336,Kolhapur
2026-05-12,29.9,37.9,23.8,0.6,0.6,3.0,6.3,51,0.3,0.199,0.316,0.278,60.666666666666664,Kolhapur
2026-05-13,28.0,34.5,23.9,6.8,6.8,7.0,5.18,61,0.31,0.216,0.328,0.279,71.70833333333333,Kolhapur
2026-05-14,28.0,33.9,23.4,0.7,0.7,3.0,3.34,51,0.308,0.235,0.323,0.282,69.125,Kolhapur
2026-05-15,28.9,34.9,23.6,0.0,0.0,0.0,5.93,3,0.309,0.243,0.323,0.282,63.041666666666664,Kolhapur
2026-05-16,29.1,37.4,23.6,0.4,0.4,1.0,6.11,51,0.304,0.213,0.32,0.281,63.333333333333336,Kolhapur
2026-05-17,29.7,38.6,24.8,0.8,0.8,4.0,6.17,51,0.302,0.21,0.317,0.281,66.875,Kolhapur
2026-05-18,28.9,36.4,24.3,0.9,0.9,3.0,5.84,53,0.303,0.234,0.315,0.284,68.625,Kolhapur
2026-05-19,27.0,30.8,23.8,7.2,7.2,3.0,4.25,63,0.302,0.253,0.312,0.283,75.0,Kolhapur
2026-05-20,27.1,32.6,23.5,1.0,1.0,3.0,4.99,53,0.299,0.238,0.309,0.283,70.79166666666667,Kolhapur
2026-05-21,28.3,34.7,23.5,0.2,0.2,1.0,5.65,51,0.292,0.204,0.303,0.282,68.29166666666667,Kolhapur
2026-05-22,27.7,33.6,24.2,1.8,1.8,5.0,5.04,55,0.29,0.204,0.301,0.282,70.25,Kolhapur
2026-05-23,27.3,33.0,24.1,3.8,3.8,7.0,5.0,55,0.292,0.251,0.299,0.281,75.79166666666667,Kolhapur
2026-05-24,26.8,30.6,22.9,2.4,2.4,4.0,4.87,53,0.298,0.3,0.3,0.29,77.79166666666667,Kolhapur
2026-05-25,27.6,33.2,23.5,0.4,0.4,4.0,5.57,51,0.304,0.297,0.306,0.298,75.5,Kolhapur
2026-05-26,28.3,33.7,24.7,1.5,1.5,2.0,5.68,55,0.287,0.239,0.293,0.283,72.25,Kolhapur
2026-05-27,28.0,33.0,24.0,0.2,0.2,2.0,5.38,51,0.281,0.218,0.284,0.292,70.08333333333333,Kolhapur
2026-05-28,28.3,34.6,24.2,0.9,0.9,3.0,6.19,53,0.281,0.239,0.28,0.3,68.125,Kolhapur
2026-05-29,28.6,35.2,24.1,0.1,0.1,1.0,6.6,51,0.274,0.206,0.277,0.285,66.83333333333333,Kolhapur
2026-05-30,29.2,36.1,24.8,0.5,0.5,3.0,6.44,51,0.268,0.185,0.276,0.268,66.79166666666667,Kolhapur
2026-05-31,29.0,35.9,24.4,0.6,0.6,6.0,6.56,51,0.27,0.193,0.276,0.275,65.58333333333333,Kolhapur
2026-06-01,28.6,36.8,24.6,1.2,1.2,4.0,5.87,53,0.271,0.198,0.277,0.273,66.04166666666667,Kolhapur
2026-06-02,28.4,35.8,24.3,1.8,1.8,3.0,6.1,55,0.27,0.192,0.277,0.273,63.541666666666664,Kolhapur
2026-06-03,26.3,29.5,23.8,0.7,0.7,4.0,3.59,51,0.272,0.212,0.278,0.275,71.66666666666667,Kolhapur
2026-06-04,26.7,34.1,23.4,12.8,12.8,8.0,4.75,65,0.274,0.225,0.279,0.275,74.54166666666667,Kolhapur
2026-06-05,27.0,34.0,23.4,3.0,3.0,4.0,5.14,61,0.271,0.216,0.276,0.275,74.45833333333333,Kolhapur
2026-06-06,27.0,33.7,24.5,5.0,5.0,5.0,4.56,63,0.261,0.242,0.256,0.284,75.625,Kolhapur
2026-06-07,26.4,31.8,23.6,1.8,1.8,4.0,4.7,53,0.261,0.282,0.252,0.287,77.125,Kolhapur
2026-06-08,25.3,28.8,22.6,11.5,11.5,8.0,3.36,61,0.264,0.324,0.252,0.286,82.625,Kolhapur
2026-06-09,24.9,29.4,22.8,4.7,4.7,8.0,3.3,61,0.263,0.306,0.253,0.283,84.29166666666667,Kolhapur
2026-06-10,25.9,30.9,23.1,3.0,3.0,9.0,4.81,61,0.262,0.308,0.253,0.278,79.95833333333333,Kolhapur
2026-06-11,27.3,32.8,23.3,0.0,0.0,0.0,5.84,3,0.261,0.29,0.253,0.28,73.25,Kolhapur
2026-06-12,27.1,32.8,23.7,3.0,3.0,4.0,5.53,61,0.259,0.265,0.253,0.28,75.125,Kolhapur
2026-06-13,27.2,32.6,23.8,4.4,4.4,9.0,5.41,55,0.261,0.269,0.255,0.281,74.41666666666667,Kolhapur
2026-06-14,27.2,32.6,24.1,3.2,3.2,5.0,5.56,61,0.262,0.259,0.257,0.278,71.54166666666667,Kolhapur
2026-06-15,27.2,33.1,23.5,3.3,3.3,7.0,5.84,61,0.26,0.222,0.259,0.274,69.75,Kolhapur
2026-06-16,27.9,34.7,23.7,3.0,3.0,6.0,6.25,61,0.262,0.201,0.265,0.275,66.66666666666667,Kolhapur
2026-06-17,27.2,33.2,23.5,3.9,3.9,4.0,5.6,61,0.263,0.194,0.266,0.276,69.0,Kolhapur
2026-06-18,27.6,33.2,23.2,0.1,0.1,1.0,6.27,51,0.263,0.193,0.266,0.275,62.625,Kolhapur
2026-06-19,27.1,33.1,23.1,2.9,2.9,3.0,5.53,61,0.262,0.186,0.266,0.276,66.54166666666667,Kolhapur
2026-06-20,27.7,34.2,23.2,3.0,3.0,5.0,6.05,61,0.263,0.189,0.266,0.276,64.54166666666667,Kolhapur
2026-06-21,26.9,33.1,23.6,3.5,3.5,5.0,4.73,61,0.265,0.215,0.266,0.276,72.95833333333333,Kolhapur
2026-06-22,26.1,30.4,23.8,6.4,6.4,11.0,4.75,61,0.266,0.227,0.267,0.276,76.5,Kolhapur
2026-06-23,23.9,27.4,22.0,16.4,16.4,23.0,3.15,63,0.269,0.263,0.267,0.277,87.41666666666667,Kolhapur
2026-06-24,23.3,27.5,21.1,3.1,3.1,12.0,2.82,53,0.281,0.415,0.267,0.287,87.95833333333333,Kolhapur
2026-06-25,24.3,28.3,22.1,1.2,1.2,6.0,3.74,51,0.282,0.394,0.267,0.298,84.45833333333333,Kolhapur
2026-06-26,24.6,27.5,22.5,1.8,1.8,4.0,3.61,55,0.275,0.343,0.266,0.283,81.58333333333333,Kolhapur
2026-06-27,25.3,29.3,22.5,8.7,8.7,9.0,4.07,63,0.272,0.315,0.266,0.279,81.70833333333333,Kolhapur
2026-06-28,24.8,30.8,22.5,7.4,7.4,12.0,3.51,61,0.271,0.307,0.266,0.279,85.33333333333333,Kolhapur
2026-06-29,23.5,25.5,22.4,53.2,53.2,21.0,2.04,65,0.296,0.49,0.265,0.34,93.04166666666667,Kolhapur
2026-06-30,23.4,25.7,22.1,13.6,13.6,24.0,2.46,61,0.309,0.481,0.264,0.407,91.33333333333333,Kolhapur
2026-07-01,22.9,25.9,22.1,16.3,16.3,24.0,1.55,61,0.314,0.492,0.265,0.424,94.04166666666667,Kolhapur
2026-07-02,23.1,25.4,21.8,9.2,9.2,18.0,2.09,61,0.321,0.484,0.267,0.45,91.58333333333333,Kolhapur
2026-07-03,22.9,25.2,21.4,9.6,9.6,23.0,2.02,61,0.325,0.492,0.27,0.461,91.95833333333333,Kolhapur
2026-07-04,22.4,23.3,21.7,27.0,27.0,24.0,1.3,63,0.341,0.514,0.279,0.498,95.45833333333333,Kolhapur
2026-07-05,22.8,23.8,21.9,27.9,27.9,24.0,1.74,63,0.363,0.513,0.306,0.508,94.58333333333333,Kolhapur
2026-07-06,23.2,24.3,22.2,15.6,15.6,24.0,2.13,61,0.375,0.508,0.326,0.499,93.25,Kolhapur
2026-07-07,23.0,25.5,21.9,17.4,17.4,24.0,1.93,61,0.383,0.511,0.338,0.498,93.95833333333333,Kolhapur
2026-07-08,23.7,25.9,22.3,18.4,18.4,24.0,2.91,63,0.394,0.51,0.351,0.503,92.125,Kolhapur
2026-07-09,24.4,27.9,22.2,1.4,1.4,9.0,4.13,51,0.401,0.486,0.366,0.493,86.95833333333333,Kolhapur
2026-07-10,24.9,28.3,22.3,0.5,0.5,4.0,4.21,51,0.397,0.453,0.37,0.472,83.66666666666667,Kolhapur
2026-07-11,24.7,28.0,22.7,0.5,0.5,5.0,4.18,51,0.392,0.418,0.37,0.457,83.16666666666667,Kolhapur
2026-07-12,24.8,28.7,22.2,0.4,0.4,3.0,4.65,51,0.388,0.39,0.371,0.446,82.0,Kolhapur
2026-07-13,24.7,28.3,22.5,0.0,0.0,0.0,4.85,3,0.381,0.363,0.369,0.426,80.45833333333333,Kolhapur
2026-07-14,24.7,28.6,22.1,0.1,0.1,1.0,4.79,51,0.378,0.341,0.37,0.418,80.5,Kolhapur
2026-07-15,23.9,26.7,22.1,2.1,2.1,8.0,3.82,53,0.375,0.33,0.37,0.409,83.54166666666667,Kolhapur
2026-07-16,24.4,27.9,22.2,3.0,3.0,8.0,4.48,55,0.369,0.318,0.368,0.392,82.45833333333333,Kolhapur
2026-07-17,23.9,26.4,22.4,4.9,4.9,10.0,3.04,61,0.365,0.309,0.366,0.379,86.0,Kolhapur
2026-07-18,23.7,26.8,22.2,3.0,3.0,13.0,3.03,53,0.363,0.301,0.366,0.375,87.08333333333333,Kolhapur
2026-07-19,23.6,26.7,21.9,6.0,6.0,10.0,3.19,61,0.363,0.324,0.365,0.373,88.66666666666667,Kolhapur
2026-07-20,23.3,27.1,21.8,12.8,12.8,21.0,3.15,63,0.368,0.378,0.365,0.376,91.08333333333333,Kolhapur
2026-07-21,23.1,25.4,22.1,6.0,6.0,16.0,2.34,55,0.371,0.418,0.364,0.38,90.91666666666667,Kolhapur
2026-07-22,22.6,24.4,21.9,4.6,4.6,15.0,1.91,53,0.376,0.461,0.363,0.392,92.0,Kolhapur
2026-07-23,22.9,25.2,21.6,5.3,5.3,16.0,1.95,53,0.383,0.472,0.365,0.416,90.375,Kolhapur
2026-07-24,23.2,25.6,21.7,10.3,10.3,21.0,3.1,61,0.385,0.479,0.363,0.429,90.91666666666667,Kolhapur
2026-07-25,24.0,27.1,21.7,3.2,3.2,9.0,4.3,53,0.386,0.462,0.363,0.44,86.45833333333333,Kolhapur
2026-07-26,24.2,27.3,22.3,2.4,2.4,11.0,4.22,53,0.384,0.442,0.363,0.436,85.79166666666667,Kolhapur
2026-07-27,23.8,26.9,21.7,8.6,8.6,14.0,3.65,63,0.386,0.455,0.364,0.435,89.70833333333333,Kolhapur
2026-07-28,23.5,25.8,21.7,10.8,10.8,15.0,2.91,63,0.388,0.472,0.364,0.442,90.08333333333333,Kolhapur
2026-07-29,23.7,25.3,22.6,7.9,7.9,18.0,3.03,61,0.39,0.478,0.366,0.446,91.08333333333333,Kolhapur
2026-07-30,23.6,25.6,22.8,5.5,5.5,24.0,2.45,61,0.392,0.474,0.367,0.45,92.20833333333333,Kolhapur
2026-07-31,23.5,25.1,21.7,8.6,8.6,22.0,2.25,53,0.392,0.473,0.368,0.451,92.20833333333333,Kolhapur
2026-08-01,23.4,26.4,21.8,6.6,6.6,22.0,3.23,61,0.394,0.479,0.369,0.452,89.95833333333333,Kolhapur
2026-08-02,23.5,26.0,21.6,2.4,2.4,10.0,3.03,53,0.394,0.467,0.369,0.453,89.08333333333333,Kolhapur
2026-08-03,23.7,25.8,22.2,6.4,6.4,9.0,3.36,61,0.394,0.469,0.371,0.449,89.5,Kolhapur
2026-08-04,23.7,26.6,22.4,7.0,7.0,18.0,3.29,61,0.394,0.475,0.371,0.448,89.16666666666667,Kolhapur
2026-08-05,23.5,26.1,22.0,11.8,11.8,14.0,3.03,63,0.4,0.493,0.373,0.462,90.375,Kolhapur
2026-08-06,23.5,26.8,22.1,7.8,7.8,18.0,3.4,63,0.4,0.485,0.374,0.46,90.75,Kolhapur
2026-08-07,24.0,26.6,22.2,2.9,2.9,14.0,3.88,53,0.4,0.476,0.375,0.461,87.25,Kolhapur
2026-08-08,23.9,26.7,22.4,3.1,3.1,13.0,4.13,53,0.398,0.462,0.376,0.454,87.375,Kolhapur
2026-08-09,24.1,27.6,22.2,2.0,2.0,11.0,4.37,51,0.395,0.449,0.374,0.447,85.08333333333333,Kolhapur
2026-08-10,23.6,26.2,22.1,3.3,3.3,9.0,3.55,61,0.391,0.437,0.373,0.439,87.5,Kolhapur
2026-08-11,23.5,26.9,21.8,4.8,4.8,9.0,3.69,61,0.389,0.435,0.372,0.433,88.04166666666667,Kolhapur
2026-08-12,23.6,26.2,22.0,2.8,2.8,12.0,3.1,53,0.389,0.445,0.372,0.43,88.54166666666667,Kolhapur
2026-08-13,23.8,26.4,22.0,2.8,2.8,14.0,3.95,51,0.386,0.441,0.37,0.425,87.375,Kolhapur
2026-08-14,23.6,26.5,22.3,2.7,2.7,12.0,3.51,53,0.383,0.427,0.368,0.419,87.625,Kolhapur
2026-08-15,23.4,26.4,21.8,7.4,7.4,8.0,3.61,63,0.387,0.454,0.371,0.42,88.95833333333333,Kolhapur
2026-08-16,23.8,27.3,21.5,0.8,0.8,5.0,4.18,51,0.393,0.456,0.376,0.432,86.16666666666667,Kolhapur
2026-08-17,22.7,24.5,21.8,3.6,3.6,13.0,2.0,53,0.393,0.454,0.376,0.432,91.58333333333333,Kolhapur
2026-08-18,23.4,25.9,21.5,6.6,6.6,12.0,3.4,61,0.394,0.467,0.375,0.433,90.125,Kolhapur
2026-08-19,24.0,27.2,22.1,2.8,2.8,13.0,3.83,53,0.395,0.462,0.375,0.441,86.625,Kolhapur
2026-08-20,24.0,27.1,22.5,2.4,2.4,11.0,4.21,51,0.393,0.445,0.375,0.438,86.04166666666667,Kolhapur
2026-08-21,23.8,27.1,22.0,0.9,0.9,8.0,4.27,51,0.392,0.429,0.376,0.434,85.25,Kolhapur
2026-08-22,23.3,25.8,21.9,2.8,2.8,7.0,2.94,53,0.391,0.423,0.376,0.431,88.41666666666667,Kolhapur
2026-08-23,23.8,26.7,22.2,3.9,3.9,17.0,3.44,53,0.39,0.427,0.376,0.428,87.91666666666667,Kolhapur
2026-08-24,24.2,27.2,22.7,2.5,2.5,15.0,3.94,53,0.393,0.427,0.38,0.427,86.91666666666667,Kolhapur
2026-08-25,24.0,26.8,22.2,1.9,1.9,9.0,4.01,53,0.395,0.422,0.383,0.426,85.79166666666667,Kolhapur
2026-08-26,24.2,27.4,22.0,1.0,1.0,7.0,4.37,51,0.393,0.407,0.383,0.422,85.66666666666667,Kolhapur
2026-08-27,23.8,26.9,22.3,2.1,2.1,16.0,4.09,53,0.391,0.4,0.383,0.417,86.70833333333333,Kolhapur
2026-08-28,23.6,26.9,21.6,1.6,1.6,12.0,4.18,51,0.388,0.396,0.381,0.41,85.66666666666667,Kolhapur
2026-08-29,23.1,25.8,21.6,4.4,4.4,15.0,3.42,61,0.387,0.399,0.38,0.407,87.58333333333333,Kolhapur
2026-08-30,23.8,27.0,21.9,1.3,1.3,10.0,4.35,51,0.385,0.397,0.379,0.404,84.29166666666667,Kolhapur
2026-08-31,23.8,27.0,21.9,1.7,1.7,12.0,4.31,51,0.383,0.374,0.378,0.399,84.83333333333333,Kolhapur
2026-09-01,23.9,27.5,22.0,1.6,1.6,8.0,3.91,51,0.382,0.36,0.38,0.396,85.16666666666667,Kolhapur
2026-09-02,23.4,27.1,21.9,4.5,4.5,11.0,3.48,61,0.381,0.36,0.38,0.393,88.375,Kolhapur
2026-09-03,23.4,26.5,21.7,1.7,1.7,10.0,3.31,51,0.38,0.356,0.379,0.389,87.625,Kolhapur
2026-09-04,23.8,27.4,21.7,1.8,1.8,7.0,4.1,53,0.38,0.352,0.38,0.388,85.54166666666667,Kolhapur
2026-09-05,24.1,27.9,21.8,1.1,1.1,8.0,4.51,51,0.379,0.349,0.38,0.386,84.125,Kolhapur
2026-09-06,24.3,27.8,22.6,1.6,1.6,10.0,4.19,53,0.378,0.341,0.38,0.383,84.95833333333333,Kolhapur
2026-09-07,24.0,27.5,22.1,2.6,2.6,10.0,4.28,53,0.375,0.337,0.378,0.379,85.875,Kolhapur
2026-09-08,24.0,27.4,22.0,2.5,2.5,10.0,4.34,53,0.375,0.333,0.379,0.374,83.625,Kolhapur
2026-09-09,24.1,28.7,21.2,1.5,1.5,6.0,4.29,53,0.374,0.329,0.379,0.369,82.20833333333333,Kolhapur
2026-09-10,24.3,28.8,20.7,0.2,0.2,2.0,4.72,51,0.368,0.301,0.376,0.363,79.125,Kolhapur
2026-09-11,24.7,29.5,21.2,1.1,1.1,6.0,4.97,53,0.363,0.271,0.375,0.356,78.125,Kolhapur
2026-09-12,24.6,29.4,21.3,0.5,0.5,4.0,4.83,51,0.358,0.247,0.372,0.348,80.29166666666667,Kolhapur
2026-09-13,24.1,28.5,21.6,0.9,0.9,6.0,4.62,51,0.355,0.237,0.37,0.342,81.0,Kolhapur
2026-09-14,24.3,28.7,21.2,0.7,0.7,6.0,4.59,51,0.353,0.228,0.369,0.338,80.5,Kolhapur
2026-09-15,24.5,29.3,20.8,1.9,1.9,4.0,4.85,53,0.348,0.219,0.366,0.329,78.54166666666667,Kolhapur
2026-09-16,24.8,29.1,21.9,3.2,3.2,7.0,4.34,61,0.342,0.217,0.361,0.319,81.08333333333333,Kolhapur
2026-09-17,24.9,29.7,22.3,3.0,3.0,9.0,4.44,55,0.338,0.219,0.357,0.314,82.25,Kolhapur
2026-09-18,25.2,29.8,21.9,1.7,1.7,6.0,4.63,53,0.332,0.214,0.35,0.309,79.70833333333333,Kolhapur
2026-09-19,25.1,29.8,22.2,2.0,2.0,6.0,4.23,53,0.33,0.219,0.347,0.305,81.58333333333333,Kolhapur
2026-09-20,25.6,31.3,22.1,3.3,3.3,9.0,4.41,61,0.325,0.211,0.344,0.299,79.875,Kolhapur
2026-09-21,25.4,30.0,21.8,2.4,2.4,7.0,4.09,53,0.321,0.184,0.342,0.293,78.58333333333333,Kolhapur
2026-09-22,24.6,29.5,22.8,9.4,9.4,6.0,3.62,63,0.314,0.222,0.331,0.287,83.58333333333333,Kolhapur
2026-09-23,24.7,28.8,22.4,11.0,11.0,13.0,4.0,63,0.311,0.303,0.319,0.285,85.83333333333333,Kolhapur
2026-09-24,25.0,28.7,22.9,3.5,3.5,6.0,4.0,61,0.316,0.351,0.32,0.289,83.25,Kolhapur
2026-09-25,25.0,29.6,22.2,1.2,1.2,3.0,4.87,53,0.314,0.335,0.319,0.289,78.91666666666667,Kolhapur
2026-09-26,24.6,28.8,22.1,0.0,0.0,0.0,4.38,3,0.309,0.296,0.317,0.286,80.41666666666667,Kolhapur
2026-09-27,24.7,29.6,21.1,1.2,1.2,5.0,4.81,53,0.302,0.281,0.31,0.281,78.375,Kolhapur
2026-09-28,25.3,31.4,21.1,0.5,0.5,3.0,4.86,51,0.3,0.266,0.309,0.28,76.5,Kolhapur
2026-09-29,24.7,30.9,22.0,6.5,6.5,9.0,4.11,63,0.303,0.289,0.31,0.286,83.33333333333333,Kolhapur
2025-11-07,24.0,29.2,20.0,0.6,0.6,5.0,3.59,51,0.354,0.298,0.356,0.366,76.54166666666667,Sangli
2025-11-08,23.4,29.0,18.4,0.0,0.0,0.0,4.36,0,0.349,0.271,0.355,0.351,62.666666666666664,Sangli
2025-11-09,21.9,28.2,17.0,0.0,0.0,0.0,4.35,0,0.344,0.25,0.354,0.342,56.833333333333336,Sangli
2025-11-10,21.0,27.6,14.9,0.0,0.0,0.0,4.28,1,0.34,0.234,0.352,0.335,59.916666666666664,Sangli
2025-11-11,21.5,28.0,14.9,0.0,0.0,0.0,4.22,3,0.338,0.221,0.351,0.331,63.333333333333336,Sangli
2025-11-12,22.6,29.0,16.7,0.0,0.0,0.0,4.17,0,0.335,0.212,0.349,0.326,63.125,Sangli
2025-11-13,23.4,29.6,18.8,0.0,0.0,0.0,4.44,0,0.333,0.208,0.348,0.322,55.416666666666664,Sangli
2025-11-14,22.5,28.8,17.4,0.0,0.0,0.0,4.73,0,0.334,0.21,0.349,0.325,48.75,Sangli
2025-11-15,21.7,28.3,15.5,0.0,0.0,0.0,4.6,0,0.333,0.207,0.349,0.323,51.125,Sangli
2025-11-16,21.8,28.6,15.6,0.0,0.0,0.0,4.91,3,0.329,0.201,0.345,0.316,47.958333333333336,Sangli
2025-11-17,21.7,28.0,16.4,0.0,0.0,0.0,5.1,1,0.328,0.2,0.345,0.312,43.041666666666664,Sangli
2025-11-18,21.5,28.4,15.2,0.0,0.0,0.0,4.68,0,0.328,0.202,0.345,0.311,49.208333333333336,Sangli
2025-11-19,22.4,29.1,15.8,0.0,0.0,0.0,4.31,0,0.325,0.203,0.342,0.306,57.083333333333336,Sangli
2025-11-20,23.0,29.7,17.7,0.0,0.0,0.0,4.59,3,0.325,0.208,0.342,0.307,48.25,Sangli
2025-11-21,23.4,29.9,18.0,0.0,0.0,0.0,4.24,3,0.326,0.21,0.343,0.307,55.416666666666664,Sangli
2025-11-22,24.9,30.7,18.8,0.0,0.0,0.0,4.45,3,0.323,0.203,0.341,0.304,62.125,Sangli
2025-11-23,24.9,30.6,20.4,0.0,0.0,0.0,4.06,3,0.322,0.203,0.339,0.302,63.958333333333336,Sangli
2025-11-24,24.8,29.6,20.2,0.4,0.4,4.0,3.98,51,0.32,0.206,0.337,0.299,66.58333333333333,Sangli
2025-11-25,25.0,29.9,20.6,0.0,0.0,0.0,4.41,3,0.322,0.204,0.338,0.303,62.583333333333336,Sangli
2025-11-26,23.6,29.0,18.1,0.0,0.0,0.0,4.26,3,0.323,0.207,0.339,0.305,62.041666666666664,Sangli
2025-11-27,23.0,28.3,18.6,0.0,0.0,0.0,4.42,3,0.324,0.206,0.341,0.307,62.625,Sangli
2025-11-28,23.0,29.1,18.3,0.0,0.0,0.0,4.61,3,0.322,0.2,0.339,0.304,57.083333333333336,Sangli
2025-11-29,21.9,28.0,17.3,0.0,0.0,0.0,4.93,3,0.324,0.191,0.341,0.31,47.25,Sangli
2025-11-30,22.0,28.2,16.5,0.0,0.0,0.0,4.42,3,0.324,0.194,0.341,0.31,52.458333333333336,Sangli
2025-12-01,22.6,28.9,16.8,0.0,0.0,0.0,3.98,3,0.322,0.197,0.339,0.305,55.666666666666664,Sangli
2025-12-02,22.6,28.7,16.4,0.0,0.0,0.0,3.75,3,0.321,0.195,0.338,0.303,58.083333333333336,Sangli
2025-12-03,24.0,29.7,18.6,0.0,0.0,0.0,4.49,3,0.319,0.198,0.337,0.301,57.458333333333336,Sangli
2025-12-04,24.0,28.7,19.8,0.1,0.1,1.0,3.68,51,0.318,0.199,0.336,0.299,63.25,Sangli
2025-12-05,24.0,28.2,20.2,0.2,0.2,2.0,3.33,51,0.32,0.209,0.336,0.3,70.5,Sangli
2025-12-06,23.1,27.6,19.5,0.0,0.0,0.0,3.91,3,0.328,0.214,0.343,0.316,53.833333333333336,Sangli
2025-12-07,22.7,28.2,18.2,0.0,0.0,0.0,4.33,3,0.34,0.219,0.352,0.337,55.666666666666664,Sangli
2025-12-08,22.3,28.5,16.7,0.0,0.0,0.0,4.05,3,0.339,0.213,0.352,0.335,55.541666666666664,Sangli
2025-12-09,21.8,27.9,16.2,0.0,0.0,0.0,5.32,0,0.336,0.212,0.35,0.328,38.208333333333336,Sangli
2025-12-10,21.3,28.2,15.3,0.0,0.0,0.0,4.96,3,0.334,0.204,0.35,0.326,40.833333333333336,Sangli
2025-12-11,20.9,28.1,14.4,0.0,0.0,0.0,4.83,2,0.333,0.202,0.349,0.322,39.333333333333336,Sangli
2025-12-12,20.3,28.0,13.8,0.0,0.0,0.0,4.48,0,0.331,0.202,0.347,0.318,38.333333333333336,Sangli
2025-12-13,20.6,28.5,13.1,0.0,0.0,0.0,4.28,0,0.329,0.201,0.346,0.314,40.333333333333336,Sangli
2025-12-14,20.9,27.7,15.0,0.0,0.0,0.0,4.3,3,0.327,0.201,0.345,0.311,46.333333333333336,Sangli
2025-12-15,21.4,28.0,15.4,0.0,0.0,0.0,4.59,2,0.326,0.201,0.344,0.308,48.208333333333336,Sangli
2025-12-16,21.8,28.3,16.1,0.0,0.0,0.0,4.73,0,0.325,0.201,0.343,0.306,51.791666666666664,Sangli
2025-12-17,23.3,29.5,18.5,0.0,0.0,0.0,4.56,0,0.324,0.201,0.342,0.303,55.583333333333336,Sangli
2025-12-18,22.0,29.8,16.1,0.0,0.0,0.0,4.83,3,0.322,0.201,0.34,0.301,41.125,Sangli
2025-12-19,21.5,29.2,16.0,0.0,0.0,0.0,5.07,3,0.329,0.201,0.35,0.299,37.833333333333336,Sangli
2025-12-20,20.8,28.8,13.7,0.0,0.0,0.0,4.8,3,0.331,0.2,0.354,0.297,38.75,Sangli
2025-12-21,20.9,28.0,15.0,0.0,0.0,0.0,4.58,3,0.335,0.2,0.36,0.296,45.041666666666664,Sangli
2025-12-22,21.3,28.2,14.5,0.0,0.0,0.0,4.69,3,0.336,0.2,0.361,0.295,47.083333333333336,Sangli
2025-12-23,21.2,28.4,14.5,0.0,0.0,0.0,4.44,3,0.335,0.2,0.361,0.293,47.791666666666664,Sangli
2025-12-24,21.4,27.7,16.3,0.0,0.0,0.0,4.8,3,0.335,0.2,0.361,0.292,43.208333333333336,Sangli
2025-12-25,20.6,27.1,14.1,0.0,0.0,0.0,4.34,1,0.337,0.2,0.363,0.291,48.416666666666664,Sangli
2025-12-26,20.8,27.6,13.5,0.0,0.0,0.0,4.25,0,0.34,0.2,0.368,0.291,51.833333333333336,Sangli
2025-12-27,21.3,27.8,15.5,0.0,0.0,0.0,4.43,0,0.351,0.2,0.383,0.29,50.416666666666664,Sangli
2025-12-28,20.8,27.6,14.1,0.0,0.0,0.0,4.27,0,0.358,0.2,0.393,0.29,51.958333333333336,Sangli
2025-12-29,20.6,27.4,13.9,0.0,0.0,0.0,4.09,2,0.365,0.2,0.403,0.29,51.833333333333336,Sangli
2025-12-30,20.8,27.8,14.0,0.0,0.0,0.0,3.82,3,0.369,0.2,0.409,0.29,51.625,Sangli
2025-12-31,20.3,28.4,12.2,0.0,0.0,0.0,4.0,3,0.371,0.2,0.41,0.291,57.5,Sangli
2026-01-01,21.4,28.2,14.8,0.0,0.0,0.0,3.79,3,0.375,0.2,0.416,0.292,56.291666666666664,Sangli
2026-01-02,22.3,28.7,15.3,0.0,0.0,0.0,3.5,3,0.376,0.2,0.418,0.293,66.54166666666667,Sangli
2026-01-03,23.5,29.0,18.2,0.0,0.0,0.0,3.87,3,0.375,0.2,0.416,0.294,58.041666666666664,Sangli
2026-01-04,23.5,28.2,18.6,0.0,0.0,0.0,3.92,3,0.377,0.2,0.418,0.294,52.708333333333336,Sangli
2026-01-05,22.4,28.0,17.3,0.0,0.0,0.0,4.66,1,0.376,0.2,0.417,0.295,49.5,Sangli
2026-01-06,21.6,27.8,16.4,0.0,0.0,0.0,4.73,0,0.378,0.2,0.419,0.295,48.125,Sangli
2026-01-07,21.4,27.7,15.9,0.0,0.0,0.0,5.11,3,0.384,0.2,0.427,0.296,41.375,Sangli
2026-01-08,21.1,27.3,15.8,0.0,0.0,0.0,4.89,3,0.388,0.2,0.432,0.298,42.291666666666664,Sangli
2026-01-09,21.0,27.5,15.7,0.0,0.0,0.0,4.99,3,0.398,0.2,0.446,0.3,39.083333333333336,Sangli
2026-01-10,21.3,27.8,15.8,0.0,0.0,0.0,4.76,2,0.399,0.201,0.446,0.302,39.958333333333336,Sangli
2026-01-11,21.9,27.9,15.7,0.0,0.0,0.0,4.67,3,0.402,0.201,0.45,0.305,47.833333333333336,Sangli
2026-01-12,23.9,28.9,18.9,0.0,0.0,0.0,3.88,3,0.402,0.212,0.448,0.308,56.666666666666664,Sangli
2026-01-13,24.4,29.8,19.5,0.0,0.0,0.0,4.01,2,0.401,0.203,0.447,0.31,57.666666666666664,Sangli
2026-01-14,23.9,29.2,18.6,0.0,0.0,0.0,3.71,1,0.4,0.199,0.446,0.312,64.375,Sangli
2026-01-15,24.5,30.0,19.4,0.0,0.0,0.0,3.89,3,0.398,0.202,0.442,0.313,56.875,Sangli
2026-01-16,24.0,29.8,18.9,0.0,0.0,0.0,4.22,3,0.396,0.201,0.439,0.314,54.833333333333336,Sangli
2026-01-17,23.2,28.9,17.7,0.0,0.0,0.0,3.74,3,0.394,0.201,0.436,0.315,55.208333333333336,Sangli
2026-01-18,22.2,29.5,15.3,0.0,0.0,0.0,4.19,2,0.391,0.201,0.432,0.315,57.125,Sangli
2026-01-19,21.7,28.3,15.8,0.0,0.0,0.0,4.05,0,0.39,0.201,0.43,0.315,64.875,Sangli
2026-01-20,21.4,28.9,14.4,0.0,0.0,0.0,4.33,0,0.389,0.201,0.428,0.315,57.166666666666664,Sangli
2026-01-21,21.9,28.1,16.7,0.0,0.0,0.0,4.87,0,0.393,0.201,0.434,0.315,44.791666666666664,Sangli
2026-01-22,21.8,27.4,16.9,0.0,0.0,0.0,4.87,0,0.393,0.201,0.435,0.315,45.125,Sangli
2026-01-23,21.2,27.3,15.4,0.0,0.0,0.0,4.58,0,0.394,0.201,0.436,0.316,46.625,Sangli
2026-01-24,21.5,27.7,15.7,0.0,0.0,0.0,4.19,0,0.398,0.201,0.441,0.316,50.375,Sangli
2026-01-25,22.8,29.1,17.1,0.0,0.0,0.0,4.29,3,0.397,0.201,0.44,0.317,56.333333333333336,Sangli
2026-01-26,24.4,29.8,19.3,0.0,0.0,0.0,4.16,3,0.398,0.201,0.441,0.318,56.583333333333336,Sangli
2026-01-27,23.9,28.4,20.3,2.0,2.0,9.0,3.45,53,0.402,0.208,0.445,0.32,70.54166666666667,Sangli
2026-01-28,24.4,29.8,19.3,0.0,0.0,0.0,4.0,3,0.401,0.208,0.443,0.321,60.0,Sangli
2026-01-29,24.7,30.1,19.9,0.0,0.0,0.0,4.48,1,0.398,0.202,0.439,0.321,54.708333333333336,Sangli
2026-01-30,23.6,29.3,18.5,0.0,0.0,0.0,4.4,3,0.396,0.202,0.437,0.321,50.5,Sangli
2026-01-31,23.1,29.2,17.9,0.0,0.0,0.0,4.96,2,0.394,0.201,0.434,0.321,48.75,Sangli
2026-02-01,23.3,29.1,17.9,0.0,0.0,0.0,5.04,1,0.398,0.201,0.44,0.321,49.708333333333336,Sangli
2026-02-02,23.3,29.4,18.2,0.0,0.0,0.0,4.72,0,0.399,0.201,0.441,0.321,52.0,Sangli
2026-02-03,23.5,29.1,18.3,0.0,0.0,0.0,4.58,1,0.402,0.201,0.444,0.322,51.75,Sangli
2026-02-04,24.1,29.9,19.2,0.0,0.0,0.0,5.16,1,0.401,0.202,0.443,0.322,49.333333333333336,Sangli
2026-02-05,23.8,29.7,19.1,0.0,0.0,0.0,4.97,1,0.399,0.205,0.44,0.323,49.291666666666664,Sangli
2026-02-06,23.8,29.9,18.3,0.0,0.0,0.0,5.24,0,0.398,0.202,0.439,0.323,46.458333333333336,Sangli
2026-02-07,23.5,30.2,17.4,0.0,0.0,0.0,4.98,0,0.395,0.202,0.435,0.322,47.541666666666664,Sangli
2026-02-08,23.8,30.6,17.4,0.0,0.0,0.0,4.84,3,0.397,0.201,0.438,0.322,44.416666666666664,Sangli
2026-02-09,23.7,30.7,16.5,0.0,0.0,0.0,4.77,3,0.402,0.201,0.444,0.322,43.166666666666664,Sangli
2026-02-10,23.8,30.9,16.8,0.0,0.0,0.0,4.87,2,0.399,0.201,0.441,0.322,50.583333333333336,Sangli
2026-02-11,23.8,30.9,17.2,0.0,0.0,0.0,5.33,0,0.404,0.201,0.448,0.322,41.0,Sangli
2026-02-12,23.7,30.4,18.4,0.0,0.0,0.0,5.54,3,0.404,0.201,0.448,0.323,39.083333333333336,Sangli
2026-02-13,23.7,31.2,17.0,0.0,0.0,0.0,5.44,3,0.404,0.201,0.447,0.323,36.333333333333336,Sangli
2026-02-14,23.9,31.0,16.6,0.0,0.0,0.0,5.23,3,0.405,0.201,0.448,0.323,37.458333333333336,Sangli
2026-02-15,24.4,31.4,16.6,0.0,0.0,0.0,4.94,3,0.405,0.201,0.448,0.324,41.583333333333336,Sangli
2026-02-16,24.9,31.3,18.2,0.0,0.0,0.0,5.26,0,0.402,0.201,0.444,0.324,41.708333333333336,Sangli
2026-02-17,24.6,30.9,18.2,0.0,0.0,0.0,5.17,0,0.399,0.201,0.441,0.324,42.083333333333336,Sangli
2026-02-18,24.9,31.6,19.7,0.0,0.0,0.0,5.12,2,0.397,0.201,0.438,0.324,43.166666666666664,Sangli
2026-02-19,25.2,32.1,18.3,0.0,0.0,0.0,5.19,1,0.395,0.201,0.435,0.323,54.625,Sangli
2026-02-20,26.4,33.0,20.8,0.0,0.0,0.0,5.85,2,0.392,0.201,0.432,0.323,39.541666666666664,Sangli
2026-02-21,26.9,33.3,21.1,0.0,0.0,0.0,5.28,3,0.39,0.201,0.428,0.321,42.583333333333336,Sangli
2026-02-22,27.5,32.9,22.4,0.0,0.0,0.0,4.59,3,0.388,0.2,0.426,0.32,46.791666666666664,Sangli
2026-02-23,26.4,31.7,21.2,0.2,0.2,1.0,4.46,51,0.386,0.21,0.423,0.319,55.916666666666664,Sangli
2026-02-24,25.7,31.9,20.7,0.0,0.0,0.0,4.81,3,0.385,0.222,0.42,0.317,50.208333333333336,Sangli
2026-02-25,26.1,32.3,20.1,0.0,0.0,0.0,4.89,3,0.381,0.207,0.417,0.316,45.708333333333336,Sangli
2026-02-26,25.3,32.2,18.5,0.0,0.0,0.0,5.61,0,0.379,0.203,0.415,0.314,43.291666666666664,Sangli
2026-02-27,25.2,32.5,18.1,0.0,0.0,0.0,5.75,0,0.376,0.201,0.412,0.313,41.833333333333336,Sangli
2026-02-28,25.0,32.2,18.3,0.0,0.0,0.0,5.54,3,0.374,0.198,0.409,0.311,40.625,Sangli
2026-03-01,25.6,32.9,18.1,0.0,0.0,0.0,5.33,3,0.371,0.191,0.407,0.309,47.125,Sangli
2026-03-02,27.1,34.4,19.4,0.0,0.0,0.0,5.44,3,0.369,0.196,0.404,0.308,50.791666666666664,Sangli
2026-03-03,28.3,34.7,20.9,0.0,0.0,0.0,5.72,3,0.367,0.196,0.401,0.306,43.333333333333336,Sangli
2026-03-04,28.5,34.8,23.0,0.0,0.0,0.0,6.37,1,0.364,0.196,0.398,0.304,36.083333333333336,Sangli
2026-03-05,27.7,35.2,21.3,0.0,0.0,0.0,6.04,0,0.362,0.196,0.396,0.302,33.625,Sangli
2026-03-06,27.4,35.2,19.2,0.0,0.0,0.0,5.85,0,0.36,0.197,0.393,0.301,31.208333333333332,Sangli
2026-03-07,27.4,35.8,18.6,0.0,0.0,0.0,6.26,0,0.357,0.197,0.39,0.299,30.25,Sangli
2026-03-08,28.2,36.7,20.4,0.0,0.0,0.0,6.32,0,0.355,0.197,0.387,0.297,30.583333333333332,Sangli
2026-03-09,28.4,36.2,21.2,0.0,0.0,0.0,6.69,0,0.352,0.197,0.384,0.296,30.583333333333332,Sangli
2026-03-10,29.0,35.2,23.6,0.0,0.0,0.0,7.39,0,0.35,0.197,0.381,0.294,35.5,Sangli
2026-03-11,28.8,35.4,22.4,0.0,0.0,0.0,6.79,0,0.348,0.197,0.379,0.293,33.958333333333336,Sangli
2026-03-12,28.7,36.5,21.0,0.0,0.0,0.0,6.14,0,0.346,0.2,0.376,0.292,39.083333333333336,Sangli
2026-03-13,28.6,36.1,21.7,0.0,0.0,0.0,5.68,1,0.344,0.2,0.374,0.291,41.333333333333336,Sangli
2026-03-14,28.7,35.9,21.8,0.0,0.0,0.0,5.41,2,0.342,0.197,0.371,0.29,48.875,Sangli
2026-03-15,28.4,35.2,22.0,0.0,0.0,0.0,6.03,3,0.34,0.197,0.369,0.289,48.958333333333336,Sangli
2026-03-16,27.5,34.8,21.0,0.0,0.0,0.0,5.79,2,0.338,0.199,0.366,0.288,51.25,Sangli
2026-03-17,27.2,34.5,21.3,0.8,0.8,1.0,5.63,53,0.336,0.199,0.364,0.287,48.208333333333336,Sangli
2026-03-18,26.4,33.6,20.0,0.0,0.0,0.0,5.46,3,0.335,0.199,0.362,0.286,49.166666666666664,Sangli
2026-03-19,25.6,32.9,20.7,1.5,1.5,1.0,4.96,61,0.334,0.21,0.36,0.286,55.375,Sangli
2026-03-20,25.5,32.8,19.5,0.0,0.0,0.0,5.49,1,0.334,0.236,0.358,0.285,51.916666666666664,Sangli
2026-03-21,26.3,33.2,19.1,0.0,0.0,0.0,5.74,0,0.331,0.216,0.356,0.285,50.25,Sangli
2026-03-22,27.5,34.7,20.4,0.0,0.0,0.0,5.67,3,0.33,0.22,0.354,0.284,41.458333333333336,Sangli
2026-03-23,28.3,35.6,21.3,0.0,0.0,0.0,6.05,1,0.328,0.213,0.352,0.284,40.375,Sangli
2026-03-24,28.4,35.2,21.4,0.0,0.0,0.0,5.72,1,0.325,0.202,0.349,0.283,46.875,Sangli
2026-03-25,28.1,35.3,22.4,0.5,0.5,2.0,5.27,51,0.324,0.205,0.347,0.282,55.458333333333336,Sangli
2026-03-26,28.5,35.8,22.0,0.0,0.0,0.0,5.54,3,0.322,0.209,0.345,0.282,49.708333333333336,Sangli
2026-03-27,28.7,36.3,22.7,0.0,0.0,0.0,5.82,2,0.321,0.213,0.343,0.282,46.416666666666664,Sangli
2026-03-28,28.7,35.2,22.4,0.0,0.0,0.0,6.11,3,0.321,0.224,0.341,0.285,50.541666666666664,Sangli
2026-03-29,28.0,35.4,20.4,0.0,0.0,0.0,6.03,3,0.318,0.207,0.338,0.285,45.708333333333336,Sangli
2026-03-30,29.2,36.3,24.1,0.6,0.6,3.0,5.71,51,0.316,0.202,0.337,0.284,51.625,Sangli
2026-03-31,28.9,35.0,23.4,0.0,0.0,0.0,5.02,3,0.315,0.201,0.335,0.284,50.833333333333336,Sangli
2026-04-01,27.8,36.1,23.0,2.0,2.0,3.0,4.84,61,0.314,0.203,0.334,0.283,59.041666666666664,Sangli
2026-04-02,27.4,34.8,23.3,12.3,12.3,2.0,5.18,65,0.314,0.216,0.332,0.286,57.041666666666664,Sangli
2026-04-03,27.3,33.9,21.4,0.1,0.1,1.0,5.67,51,0.315,0.209,0.33,0.295,56.833333333333336,Sangli
2026-04-04,27.6,34.5,21.9,0.0,0.0,0.0,6.04,3,0.317,0.208,0.329,0.312,53.5,Sangli
2026-04-05,27.1,34.8,21.0,0.0,0.0,0.0,6.88,3,0.317,0.2,0.33,0.309,48.333333333333336,Sangli
2026-04-06,26.2,33.2,19.6,0.0,0.0,0.0,6.95,0,0.313,0.185,0.33,0.3,47.5,Sangli
2026-04-07,26.6,35.4,19.2,0.0,0.0,0.0,6.46,2,0.309,0.167,0.328,0.288,53.875,Sangli
2026-04-08,28.0,36.8,20.5,0.0,0.0,0.0,6.96,0,0.304,0.15,0.327,0.278,50.958333333333336,Sangli
2026-04-09,28.6,36.6,21.7,0.0,0.0,0.0,6.94,0,0.304,0.15,0.325,0.281,48.791666666666664,Sangli
2026-04-10,29.9,37.0,22.7,0.0,0.0,0.0,6.16,2,0.302,0.153,0.323,0.281,43.875,Sangli
2026-04-11,31.0,38.6,23.9,0.0,0.0,0.0,7.1,0,0.301,0.153,0.321,0.281,39.791666666666664,Sangli
2026-04-12,31.3,39.9,23.4,0.0,0.0,0.0,7.19,3,0.299,0.152,0.319,0.28,44.291666666666664,Sangli
2026-04-13,30.2,38.5,23.8,0.0,0.0,0.0,6.41,1,0.298,0.153,0.317,0.28,54.083333333333336,Sangli
2026-04-14,30.9,40.0,23.1,0.0,0.0,0.0,6.77,1,0.297,0.153,0.316,0.28,50.041666666666664,Sangli
2026-04-15,31.5,39.9,24.2,0.0,0.0,0.0,7.1,1,0.295,0.153,0.314,0.279,43.083333333333336,Sangli
2026-04-16,30.2,39.1,22.3,0.0,0.0,0.0,6.7,2,0.294,0.152,0.312,0.279,50.041666666666664,Sangli
2026-04-17,31.1,39.8,23.0,0.0,0.0,0.0,6.94,3,0.293,0.152,0.311,0.279,43.25,Sangli
2026-04-18,31.9,39.6,25.7,0.0,0.0,0.0,6.24,3,0.292,0.154,0.309,0.28,43.666666666666664,Sangli
2026-04-19,31.3,39.2,25.8,0.1,0.1,1.0,5.42,51,0.291,0.155,0.308,0.279,48.75,Sangli
2026-04-20,31.4,38.6,24.8,0.0,0.0,0.0,6.66,3,0.291,0.161,0.306,0.279,40.458333333333336,Sangli
2026-04-21,30.5,38.4,24.2,0.2,0.2,1.0,5.98,51,0.288,0.152,0.305,0.277,49.291666666666664,Sangli
2026-04-22,30.8,38.0,23.4,0.0,0.0,0.0,6.2,2,0.288,0.159,0.304,0.276,46.083333333333336,Sangli
2026-04-23,31.3,39.3,24.7,0.6,0.6,1.0,6.63,53,0.287,0.164,0.303,0.277,43.666666666666664,Sangli
2026-04-24,31.4,39.5,24.0,0.0,0.0,0.0,6.01,3,0.286,0.16,0.302,0.276,36.458333333333336,Sangli
2026-04-25,32.4,38.9,24.6,0.0,0.0,0.0,6.68,3,0.286,0.163,0.3,0.276,34.458333333333336,Sangli
2026-04-26,31.9,40.0,25.0,0.0,0.0,0.0,6.03,3,0.285,0.162,0.299,0.276,49.833333333333336,Sangli
2026-04-27,30.8,39.2,24.5,0.0,0.0,0.0,6.31,3,0.284,0.161,0.298,0.276,58.0,Sangli
2026-04-28,31.0,39.6,24.2,0.0,0.0,0.0,6.18,2,0.284,0.168,0.297,0.276,55.625,Sangli
2026-04-29,31.2,39.4,24.2,0.0,0.0,0.0,6.8,1,0.284,0.185,0.296,0.276,53.333333333333336,Sangli
2026-04-30,30.7,38.9,24.2,0.0,0.0,0.0,7.75,1,0.284,0.188,0.295,0.276,45.666666666666664,Sangli
2026-05-01,29.4,36.8,22.8,0.0,0.0,0.0,7.69,0,0.283,0.188,0.294,0.276,49.333333333333336,Sangli
2026-05-02,29.9,39.2,22.5,0.0,0.0,0.0,7.93,1,0.282,0.187,0.294,0.276,46.0,Sangli
2026-05-03,29.8,39.3,22.5,0.0,0.0,0.0,7.59,3,0.282,0.187,0.293,0.275,54.458333333333336,Sangli
2026-05-04,29.7,38.7,22.5,0.0,0.0,0.0,8.0,0,0.281,0.18,0.292,0.275,50.375,Sangli
2026-05-05,29.5,37.9,22.6,0.0,0.0,0.0,6.91,2,0.281,0.187,0.292,0.275,52.958333333333336,Sangli
2026-05-06,30.2,38.2,23.1,0.0,0.0,0.0,6.55,1,0.28,0.187,0.291,0.275,49.583333333333336,Sangli
2026-05-07,30.7,37.7,24.8,0.0,0.0,0.0,6.42,3,0.28,0.186,0.29,0.275,47.166666666666664,Sangli
2026-05-08,31.6,37.8,25.3,0.3,0.3,2.0,6.67,51,0.279,0.188,0.29,0.275,41.541666666666664,Sangli
2026-05-09,32.0,38.1,25.6,0.0,0.0,0.0,6.37,3,0.28,0.198,0.289,0.275,38.833333333333336,Sangli
2026-05-10,32.2,39.4,25.8,0.0,0.0,0.0,6.67,3,0.281,0.218,0.289,0.275,39.583333333333336,Sangli
2026-05-11,31.5,40.4,25.9,0.0,0.0,0.0,6.64,3,0.28,0.209,0.288,0.275,52.458333333333336,Sangli
2026-05-12,31.6,40.7,24.6,0.0,0.0,0.0,6.49,3,0.28,0.2,0.289,0.279,53.458333333333336,Sangli
2026-05-13,30.0,38.0,24.9,2.1,2.1,9.0,5.84,55,0.28,0.199,0.289,0.279,59.583333333333336,Sangli
2026-05-14,29.5,37.1,24.3,2.6,2.6,6.0,4.22,53,0.283,0.24,0.288,0.28,63.375,Sangli
2026-05-15,30.3,37.7,24.5,0.0,0.0,0.0,6.27,3,0.284,0.249,0.288,0.28,55.416666666666664,Sangli
2026-05-16,31.3,39.4,24.9,0.0,0.0,0.0,6.55,3,0.281,0.221,0.287,0.278,53.291666666666664,Sangli
2026-05-17,31.6,39.1,25.6,0.1,0.1,1.0,6.87,51,0.279,0.204,0.287,0.278,56.666666666666664,Sangli
2026-05-18,30.7,39.0,25.1,0.8,0.8,5.0,6.14,51,0.278,0.211,0.285,0.276,60.958333333333336,Sangli
2026-05-19,28.6,34.2,24.3,1.9,1.9,6.0,4.82,53,0.278,0.215,0.285,0.276,67.66666666666667,Sangli
2026-05-20,28.4,34.1,24.3,0.3,0.3,1.0,5.01,51,0.28,0.221,0.285,0.281,64.25,Sangli
2026-05-21,29.7,36.7,24.2,0.3,0.3,1.0,6.35,51,0.278,0.195,0.286,0.281,60.0,Sangli
2026-05-22,28.6,34.8,25.2,4.1,4.1,3.0,5.17,63,0.278,0.183,0.287,0.28,67.375,Sangli
2026-05-23,28.8,33.5,25.1,2.6,2.6,6.0,5.44,53,0.276,0.18,0.286,0.274,66.95833333333333,Sangli
2026-05-24,27.9,32.3,24.0,4.5,4.5,4.0,5.37,61,0.278,0.213,0.286,0.272,71.54166666666667,Sangli
2026-05-25,29.0,35.4,23.9,0.1,0.1,1.0,6.22,51,0.278,0.214,0.286,0.272,66.83333333333333,Sangli
2026-05-26,29.5,35.4,25.2,0.3,0.3,2.0,6.06,51,0.272,0.205,0.279,0.273,65.83333333333333,Sangli
2026-05-27,29.4,35.3,24.5,0.0,0.0,0.0,6.15,3,0.274,0.189,0.28,0.282,62.666666666666664,Sangli
2026-05-28,29.8,36.4,24.4,0.0,0.0,0.0,6.84,3,0.285,0.201,0.291,0.294,59.125,Sangli
2026-05-29,30.1,37.5,24.8,0.4,0.4,1.0,7.31,51,0.279,0.182,0.287,0.284,59.75,Sangli
2026-05-30,30.6,37.4,25.2,0.0,0.0,0.0,7.12,3,0.266,0.172,0.273,0.272,57.791666666666664,Sangli
2026-05-31,30.1,37.0,25.3,1.3,1.3,5.0,6.82,53,0.264,0.186,0.269,0.274,60.083333333333336,Sangli
2026-06-01,29.9,37.8,25.0,2.3,2.3,2.0,6.48,61,0.264,0.193,0.269,0.269,59.416666666666664,Sangli
2026-06-02,29.5,37.3,25.1,0.7,0.7,2.0,6.63,51,0.261,0.187,0.269,0.26,57.416666666666664,Sangli
2026-06-03,27.4,31.6,24.8,0.7,0.7,2.0,3.29,51,0.262,0.203,0.269,0.26,67.29166666666667,Sangli
2026-06-04,27.7,34.8,24.5,6.2,6.2,3.0,5.3,63,0.264,0.225,0.269,0.26,69.54166666666667,Sangli
2026-06-05,28.0,34.7,23.9,1.2,1.2,2.0,5.53,55,0.264,0.246,0.265,0.267,70.16666666666667,Sangli
2026-06-06,28.0,35.1,24.8,1.6,1.6,7.0,4.83,53,0.265,0.253,0.266,0.264,71.41666666666667,Sangli
2026-06-07,27.7,33.0,24.7,2.2,2.2,5.0,5.16,61,0.27,0.285,0.268,0.271,70.5,Sangli
2026-06-08,26.4,30.7,23.1,4.2,4.2,8.0,4.24,53,0.278,0.338,0.272,0.277,79.0,Sangli
2026-06-09,26.0,29.0,24.1,1.7,1.7,10.0,3.62,51,0.279,0.339,0.273,0.279,79.04166666666667,Sangli
2026-06-10,26.9,33.2,24.0,2.4,2.4,8.0,5.16,55,0.275,0.299,0.271,0.281,74.91666666666667,Sangli
2026-06-11,28.4,34.6,23.6,0.0,0.0,0.0,6.58,3,0.276,0.242,0.276,0.285,66.70833333333333,Sangli
2026-06-12,28.5,35.2,23.8,1.4,1.4,3.0,6.33,55,0.275,0.217,0.278,0.282,67.79166666666667,Sangli
2026-06-13,28.6,34.7,24.3,3.4,3.4,9.0,6.34,61,0.273,0.21,0.278,0.277,66.95833333333333,Sangli
2026-06-14,28.5,35.0,24.2,0.4,0.4,3.0,6.6,51,0.267,0.198,0.27,0.278,64.29166666666667,Sangli
2026-06-15,28.5,34.9,23.8,0.2,0.2,2.0,6.77,51,0.268,0.192,0.273,0.278,62.25,Sangli
2026-06-16,29.0,36.6,23.7,0.1,0.1,1.0,6.81,51,0.269,0.19,0.274,0.278,61.166666666666664,Sangli
2026-06-17,28.5,35.7,23.8,1.3,1.3,7.0,6.4,51,0.268,0.183,0.274,0.278,62.166666666666664,Sangli
2026-06-18,28.8,34.6,23.8,0.1,0.1,1.0,6.84,51,0.268,0.173,0.274,0.278,55.708333333333336,Sangli
2026-06-19,28.4,35.1,23.8,1.3,1.3,5.0,5.85,53,0.268,0.176,0.274,0.278,59.083333333333336,Sangli
2026-06-20,28.8,34.6,23.7,1.1,1.1,4.0,6.3,51,0.269,0.184,0.274,0.278,58.875,Sangli
2026-06-21,28.3,34.5,23.9,4.6,4.6,7.0,5.56,61,0.269,0.187,0.274,0.278,64.75,Sangli
2026-06-22,26.8,31.3,24.4,6.4,6.4,10.0,4.83,61,0.27,0.203,0.274,0.278,72.91666666666667,Sangli
2026-06-23,25.1,29.4,22.8,8.2,8.2,18.0,4.11,61,0.273,0.243,0.274,0.278,79.66666666666667,Sangli
2026-06-24,24.7,29.5,21.5,3.9,3.9,13.0,3.89,55,0.279,0.309,0.275,0.285,82.08333333333333,Sangli
2026-06-25,25.3,29.0,22.5,1.9,1.9,8.0,4.28,53,0.285,0.368,0.275,0.295,79.375,Sangli
2026-06-26,25.6,29.1,22.7,0.8,0.8,2.0,4.44,53,0.286,0.341,0.277,0.296,78.125,Sangli
2026-06-27,25.6,30.7,22.7,15.6,15.6,5.0,4.09,65,0.288,0.35,0.278,0.303,79.91666666666667,Sangli
2026-06-28,25.2,30.8,23.2,14.9,14.9,12.0,3.5,63,0.295,0.399,0.28,0.315,85.66666666666667,Sangli
2026-06-29,24.2,27.6,22.8,24.1,24.1,18.0,2.61,63,0.313,0.483,0.278,0.377,88.375,Sangli
2026-06-30,24.0,27.1,22.4,9.8,9.8,21.0,2.59,61,0.325,0.484,0.278,0.433,88.58333333333333,Sangli
2026-07-01,23.5,27.7,22.5,13.7,13.7,21.0,1.83,63,0.326,0.483,0.279,0.435,91.5,Sangli
2026-07-02,23.8,26.1,22.2,6.3,6.3,17.0,2.24,53,0.324,0.459,0.278,0.434,88.875,Sangli
2026-07-03,23.7,26.5,22.1,6.9,6.9,22.0,2.52,55,0.321,0.451,0.278,0.424,88.58333333333333,Sangli
2026-07-04,23.1,24.7,22.2,21.6,21.6,24.0,1.89,61,0.331,0.503,0.279,0.454,92.45833333333333,Sangli
2026-07-05,23.5,24.9,22.4,17.0,17.0,24.0,2.08,63,0.345,0.506,0.286,0.493,91.5,Sangli
2026-07-06,24.2,26.4,23.0,7.6,7.6,18.0,3.08,61,0.351,0.493,0.298,0.485,87.79166666666667,Sangli
2026-07-07,24.0,26.3,22.5,8.0,8.0,22.0,2.82,61,0.353,0.495,0.304,0.474,88.95833333333333,Sangli
2026-07-08,24.4,27.1,22.5,16.4,16.4,22.0,3.38,63,0.355,0.493,0.307,0.471,89.45833333333333,Sangli
2026-07-09,25.2,28.6,22.7,1.7,1.7,9.0,4.44,53,0.353,0.472,0.31,0.463,82.54166666666667,Sangli
2026-07-10,25.6,29.3,22.5,1.2,1.2,6.0,4.74,51,0.348,0.437,0.31,0.445,79.45833333333333,Sangli
2026-07-11,25.4,29.3,22.8,0.0,0.0,0.0,4.41,3,0.343,0.403,0.311,0.43,78.625,Sangli
2026-07-12,25.4,29.5,22.6,0.0,0.0,0.0,4.97,3,0.338,0.37,0.312,0.416,78.20833333333333,Sangli
2026-07-13,25.4,29.5,22.6,0.0,0.0,0.0,5.18,3,0.33,0.336,0.31,0.399,76.04166666666667,Sangli
2026-07-14,25.5,30.0,22.1,0.0,0.0,0.0,4.97,3,0.325,0.305,0.309,0.384,76.16666666666667,Sangli
2026-07-15,24.8,28.6,22.3,1.5,1.5,7.0,4.24,51,0.32,0.285,0.308,0.373,78.20833333333333,Sangli
2026-07-16,25.3,29.2,22.4,4.9,4.9,8.0,4.73,61,0.315,0.265,0.307,0.36,78.29166666666667,Sangli
2026-07-17,24.7,28.3,23.2,8.1,8.1,10.0,2.99,63,0.309,0.255,0.304,0.347,82.125,Sangli
2026-07-18,24.5,27.5,22.6,12.1,12.1,15.0,3.15,63,0.307,0.26,0.303,0.339,84.54166666666667,Sangli
2026-07-19,24.7,28.5,22.4,4.8,4.8,12.0,3.79,55,0.309,0.279,0.303,0.339,83.75,Sangli
2026-07-20,24.3,28.4,22.4,8.2,8.2,20.0,3.89,61,0.31,0.301,0.303,0.338,84.95833333333333,Sangli
2026-07-21,24.1,27.4,22.4,4.7,4.7,17.0,2.83,53,0.31,0.327,0.301,0.336,84.66666666666667,Sangli
2026-07-22,23.5,25.7,22.4,4.4,4.4,15.0,2.82,55,0.316,0.405,0.301,0.337,87.125,Sangli
2026-07-23,23.6,25.8,21.8,2.5,2.5,13.0,2.33,51,0.32,0.425,0.302,0.345,85.70833333333333,Sangli
2026-07-24,24.4,27.7,22.4,3.1,3.1,13.0,4.38,53,0.319,0.416,0.302,0.347,82.58333333333333,Sangli
2026-07-25,25.0,28.7,22.3,1.5,1.5,5.0,4.66,53,0.319,0.389,0.303,0.347,80.16666666666667,Sangli
2026-07-26,25.2,29.3,22.8,2.6,2.6,11.0,4.85,53,0.317,0.367,0.304,0.345,80.04166666666667,Sangli
2026-07-27,24.6,27.8,22.8,12.1,12.1,13.0,3.9,63,0.32,0.393,0.305,0.346,85.58333333333333,Sangli
2026-07-28,24.3,28.2,22.0,17.7,17.7,14.0,3.39,63,0.322,0.435,0.303,0.348,87.125,Sangli
2026-07-29,24.7,27.1,23.3,4.6,4.6,11.0,3.46,61,0.325,0.449,0.303,0.358,86.04166666666667,Sangli
2026-07-30,24.5,27.2,23.5,5.6,5.6,15.0,2.86,61,0.327,0.447,0.304,0.368,86.70833333333333,Sangli
2026-07-31,24.1,26.0,22.9,9.5,9.5,20.0,2.37,61,0.33,0.452,0.304,0.377,89.41666666666667,Sangli
2026-08-01,24.5,28.0,21.8,5.7,5.7,14.0,4.15,61,0.329,0.427,0.305,0.377,83.79166666666667,Sangli
2026-08-02,24.8,27.7,22.3,2.9,2.9,11.0,4.4,53,0.328,0.417,0.305,0.376,83.75,Sangli
2026-08-03,24.5,27.1,22.7,8.7,8.7,10.0,3.85,63,0.328,0.437,0.304,0.375,85.95833333333333,Sangli
2026-08-04,24.7,28.1,23.0,5.7,5.7,15.0,3.78,55,0.327,0.43,0.302,0.376,84.16666666666667,Sangli
2026-08-05,24.4,27.8,22.5,7.2,7.2,15.0,3.67,61,0.326,0.424,0.302,0.376,86.75,Sangli
2026-08-06,24.4,28.0,22.5,4.6,4.6,15.0,3.91,61,0.33,0.44,0.304,0.38,85.375,Sangli
2026-08-07,25.0,28.1,23.1,1.9,1.9,9.0,4.5,53,0.331,0.44,0.304,0.387,81.79166666666667,Sangli
2026-08-08,25.1,28.4,23.2,2.9,2.9,12.0,4.81,53,0.328,0.415,0.303,0.383,80.83333333333333,Sangli
2026-08-09,25.1,29.1,22.7,1.9,1.9,11.0,4.81,51,0.325,0.397,0.302,0.378,80.375,Sangli
2026-08-10,24.4,27.6,22.7,5.1,5.1,9.0,4.08,55,0.322,0.39,0.301,0.372,83.91666666666667,Sangli
2026-08-11,24.5,28.6,22.2,4.1,4.1,11.0,4.27,61,0.322,0.394,0.301,0.368,83.45833333333333,Sangli
2026-08-12,24.6,27.8,22.3,1.0,1.0,7.0,3.77,51,0.323,0.416,0.302,0.367,83.16666666666667,Sangli
2026-08-13,24.7,27.8,22.4,2.9,2.9,9.0,4.51,53,0.323,0.415,0.301,0.368,82.20833333333333,Sangli
2026-08-14,24.6,28.4,22.6,2.6,2.6,9.0,4.09,53,0.323,0.404,0.302,0.367,82.29166666666667,Sangli
2026-08-15,24.3,27.9,22.1,4.6,4.6,10.0,4.14,55,0.322,0.403,0.302,0.366,84.20833333333333,Sangli
2026-08-16,24.8,28.6,22.1,2.4,2.4,9.0,4.62,53,0.319,0.386,0.3,0.36,81.75,Sangli
2026-08-17,23.7,25.8,22.1,2.6,2.6,13.0,2.63,53,0.316,0.371,0.3,0.356,86.375,Sangli
2026-08-18,24.4,27.5,21.9,4.0,4.0,10.0,4.05,53,0.316,0.371,0.3,0.354,84.16666666666667,Sangli
2026-08-19,25.0,28.7,22.8,2.3,2.3,9.0,4.44,53,0.315,0.371,0.3,0.35,80.875,Sangli
2026-08-20,25.2,28.9,22.9,1.9,1.9,11.0,4.73,51,0.312,0.35,0.299,0.345,79.08333333333333,Sangli
2026-08-21,24.9,29.0,22.5,1.5,1.5,10.0,4.79,51,0.312,0.342,0.3,0.343,79.41666666666667,Sangli
2026-08-22,24.6,28.1,22.1,2.5,2.5,8.0,4.43,53,0.309,0.329,0.299,0.337,81.0,Sangli
2026-08-23,24.6,28.4,22.6,5.4,5.4,13.0,3.81,55,0.312,0.369,0.299,0.338,83.75,Sangli
2026-08-24,25.3,28.9,23.0,2.2,2.2,9.0,4.57,53,0.313,0.395,0.298,0.337,80.70833333333333,Sangli
2026-08-25,25.0,28.8,22.6,1.7,1.7,8.0,4.56,51,0.312,0.385,0.297,0.336,79.54166666666667,Sangli
2026-08-26,25.3,29.3,22.6,0.8,0.8,3.0,4.9,51,0.31,0.367,0.297,0.338,78.5,Sangli
2026-08-27,24.9,28.7,22.8,2.1,2.1,9.0,4.85,53,0.307,0.347,0.295,0.335,78.41666666666667,Sangli
2026-08-28,24.8,28.9,22.3,1.8,1.8,11.0,4.95,53,0.302,0.323,0.292,0.326,78.54166666666667,Sangli
2026-08-29,24.4,27.9,22.4,2.6,2.6,14.0,4.4,51,0.302,0.32,0.294,0.324,80.66666666666667,Sangli
2026-08-30,24.8,28.8,22.2,0.8,0.8,6.0,4.85,51,0.308,0.331,0.299,0.33,77.70833333333333,Sangli
2026-08-31,24.9,28.9,22.5,1.8,1.8,6.0,4.74,55,0.309,0.324,0.301,0.331,78.04166666666667,Sangli
2026-09-01,25.0,29.3,22.2,2.3,2.3,10.0,4.77,51,0.305,0.305,0.299,0.325,78.0,Sangli
2026-09-02,24.4,28.4,22.1,6.7,6.7,7.0,3.89,63,0.305,0.326,0.298,0.321,83.08333333333333,Sangli
2026-09-03,24.5,28.4,22.2,2.8,2.8,10.0,3.93,53,0.312,0.376,0.302,0.325,81.66666666666667,Sangli
2026-09-04,24.8,28.8,22.2,1.5,1.5,8.0,4.33,51,0.313,0.373,0.304,0.326,80.20833333333333,Sangli
2026-09-05,25.0,29.4,21.7,1.1,1.1,9.0,4.93,51,0.312,0.358,0.304,0.324,78.58333333333333,Sangli
2026-09-06,25.1,28.9,22.0,2.4,2.4,9.0,4.48,53,0.309,0.332,0.304,0.32,79.625,Sangli
2026-09-07,25.2,29.5,22.5,4.2,4.2,14.0,4.67,55,0.307,0.32,0.303,0.317,79.25,Sangli
2026-09-08,24.9,28.7,21.9,4.2,4.2,10.0,4.66,55,0.307,0.327,0.303,0.314,78.79166666666667,Sangli
2026-09-09,25.5,30.9,21.5,0.7,0.7,6.0,5.13,51,0.297,0.293,0.296,0.302,74.41666666666667,Sangli
2026-09-10,26.1,32.5,21.3,0.2,0.2,2.0,5.65,51,0.288,0.249,0.291,0.292,69.0,Sangli
2026-09-11,26.5,32.4,22.2,1.4,1.4,6.0,5.66,51,0.284,0.227,0.289,0.286,67.16666666666667,Sangli
2026-09-12,26.4,32.2,22.3,1.8,1.8,6.0,5.61,53,0.28,0.215,0.287,0.279,68.83333333333333,Sangli
2026-09-13,26.0,31.2,22.4,1.7,1.7,5.0,5.34,53,0.28,0.211,0.287,0.278,70.375,Sangli
2026-09-14,26.1,32.0,22.2,0.9,0.9,6.0,5.29,51,0.281,0.208,0.289,0.278,70.08333333333333,Sangli
2026-09-15,26.3,33.0,21.6,0.9,0.9,3.0,5.55,53,0.279,0.201,0.286,0.278,68.83333333333333,Sangli
2026-09-16,26.4,33.4,23.1,3.8,3.8,8.0,5.06,61,0.276,0.202,0.283,0.277,72.5,Sangli
2026-09-17,26.5,33.0,23.0,3.4,3.4,9.0,5.14,61,0.274,0.219,0.279,0.278,74.125,Sangli
2026-09-18,26.9,33.0,22.9,0.0,0.0,0.0,5.46,3,0.276,0.227,0.281,0.278,69.75,Sangli
2026-09-19,26.5,33.0,23.0,3.8,3.8,8.0,4.84,55,0.277,0.22,0.282,0.277,73.16666666666667,Sangli
2026-09-20,26.7,33.7,22.7,3.3,3.3,12.0,4.57,55,0.278,0.23,0.282,0.277,74.83333333333333,Sangli
2026-09-21,25.5,30.9,22.1,2.0,2.0,7.0,4.22,53,0.289,0.339,0.285,0.284,82.33333333333333,Sangli
2026-09-22,25.0,30.5,22.9,12.8,12.8,10.0,3.83,63,0.292,0.351,0.286,0.295,84.04166666666667,Sangli
2026-09-23,25.1,30.0,22.3,13.6,13.6,13.0,3.9,63,0.3,0.401,0.287,0.313,84.25,Sangli
2026-09-24,25.7,30.8,22.9,1.3,1.3,5.0,4.32,53,0.299,0.377,0.286,0.317,80.33333333333333,Sangli
2026-09-25,25.7,30.9,22.0,0.9,0.9,4.0,5.27,53,0.293,0.325,0.283,0.314,75.04166666666667,Sangli
2026-09-26,25.3,30.9,22.2,2.2,2.2,4.0,4.9,53,0.286,0.296,0.28,0.305,75.04166666666667,Sangli
2026-09-27,25.5,30.9,21.1,0.6,0.6,4.0,5.06,51,0.286,0.297,0.28,0.302,72.91666666666667,Sangli
2026-09-28,26.0,32.2,21.3,0.9,0.9,3.0,4.49,53,0.282,0.275,0.279,0.292,71.83333333333333,Sangli
2026-09-29,25.7,31.4,22.6,7.1,7.1,10.0,4.35,63,0.285,0.3,0.281,0.294,75.79166666666667,Sangli
